0,1,352.5,1410,1762.5,1
0,2,1607.88,6431.5,8039.38,1
0,3,689.375,2757.5,3446.88,1
0,4,651.5,2606,3257.5,1
0,6,806.333,3225.33,4031.67,1
0,7,1550.5,6202,7752.5,1
0,9,2017.75,8071,10088.8,1
0,10,258.643,1034.57,1293.21,1
0,11,1502.01,6008.03,7510.04,1
0,12,896.875,3587.5,4484.38,1
0,13,288.625,1154.5,1443.12,1
0,14,1051.35,4205.4,5256.75,1
0,15,1011.21,4044.86,5056.07,1
0,16,1962.71,7850.83,9813.54,1
0,17,1853.62,7414.5,9268.12,1
0,18,843.536,3374.14,4217.68,1
0,19,1092.92,4371.67,5464.58,1
0,20,1211.75,4847,6058.75,1
0,21,387.071,1548.29,1935.36,1
0,22,1689.5,6758,8447.5,1
0,23,441.125,1764.5,2205.62,1
0,24,1796.93,7187.74,8984.67,1
0,25,3128.67,12514.7,15643.3,1
0,27,1977.78,7911.1,9888.88,1
0,28,2044.26,8177.05,10221.3,1
0,29,1764.5,7058,8822.5,1
0,30,1080.02,4320.07,5400.09,1
0,31,1731.86,6927.43,8659.29,1
0,32,748.25,2993,3741.25,1
0,33,1086.39,4345.57,5431.96,1
0,34,692.5,2770,3462.5,1
0,35,629.75,2519,3148.75,1
0,36,1667.77,6671.1,8338.88,1
0,37,1789.57,7158.29,8947.86,1
0,38,538.625,2154.5,2693.12,1
0,39,959.321,3837.29,4796.61,1
0,40,1664.21,6656.85,8321.06,1
0,41,1201.25,4805,6006.25,1
0,42,1248.18,4992.73,6240.92,1
0,43,1826.23,7304.91,9131.14,1
0,44,557.75,2231,2788.75,1
0,45,254.464,1017.86,1272.32,1
0,46,1812.41,7249.64,9062.05,1
0,47,1707,6828,8535,1
0,48,641.25,2565,3206.25,1
0,49,233.375,933.5,1166.88,1
0,50,690.25,2761,3451.25,1
0,51,186.429,745.714,932.143,1
0,52,1081.45,4325.8,5407.25,1
0,53,1014.23,4056.93,5071.17,1
0,54,1051.11,4204.43,5255.54,1
0,55,168.875,675.5,844.375,1
0,57,1845.97,7383.88,9229.85,1
0,58,654.625,2618.5,3273.12,1
0,59,474.917,1899.67,2374.58,1
1,0,175.2,700.8,876,1
1,2,299.75,1199,1498.75,1
1,3,762.671,3050.69,3813.36,1
1,4,144,576,720,1
1,5,1416.3,5665.2,7081.5,1
1,7,3340.82,13363.3,16704.1,1
1,8,363.25,1453,1816.25,1
1,10,827.5,3310,4137.5,1
1,11,1446.05,5784.21,7230.27,1
1,12,2670.34,10681.3,13351.7,1
1,13,1359.71,5438.86,6798.57,1
1,14,1056.58,4226.3,5282.88,1
1,15,818.825,3275.3,4094.12,1
1,16,1278.25,5113,6391.25,1
1,17,926.464,3705.86,4632.32,1
1,18,431.25,1725,2156.25,1
1,19,822.679,3290.71,4113.39,1
1,20,714.25,2857,3571.25,1
1,21,771.714,3086.86,3858.57,1
1,22,441.05,1764.2,2205.25,1
1,23,589.65,2358.6,2948.25,1
1,24,273.25,1093,1366.25,1
1,25,1064.68,4258.73,5323.42,1
1,26,943.15,3772.6,4715.75,1
1,27,1559.7,6238.79,7798.48,1
1,28,138.5,554,692.5,1
1,29,1133.5,4534,5667.5,1
1,30,1851.95,7407.8,9259.75,1
1,31,1235.42,4941.67,6177.08,1
1,32,284.5,1138,1422.5,1
1,33,646.429,2585.71,3232.14,1
1,34,777.25,3109,3886.25,1
1,35,871.996,3487.99,4359.98,1
1,36,293.786,1175.14,1468.93,1
1,37,382.925,1531.7,1914.62,1
1,38,617,2468,3085,1
1,39,3114.4,12457.6,15572,1
1,40,1282.71,5130.86,6413.57,1
1,41,1579.75,6319,7898.75,1
1,42,1151.25,4605,5756.25,1
1,43,1331.5,5326,6657.5,1
1,44,2462.54,9850.14,12312.7,1
1,45,1387.95,5551.8,6939.75,1
1,46,1068.29,4273.17,5341.46,1
1,47,606.792,2427.17,3033.96,1
1,48,554.268,2217.07,2771.34,1
1,49,1338.02,5352.09,6690.11,1
1,50,334.25,1337,1671.25,1
1,51,758.35,3033.4,3791.75,1
1,52,295.4,1181.6,1477,1
1,53,1738.35,6953.41,8691.77,1
1,54,555.286,2221.14,2776.43,1
1,55,600.5,2402,3002.5,1
1,57,1308.21,5232.83,6541.04,1
1,58,996.25,3985,4981.25,1
1,59,161.5,646,807.5,1
2,0,540.589,2162.36,2702.95,1
2,1,1548.05,6192.21,7740.27,1
2,3,1638.25,6553,8191.25,1
2,4,672.143,2688.57,3360.71,1
2,5,2155.33,8621.33,10776.7,1
2,6,2041.36,8165.43,10206.8,1
2,7,1871.94,7487.76,9359.7,1
2,8,655.875,2623.5,3279.38,1
2,9,1092.68,4370.71,5463.39,1
2,10,1209.55,4838.2,6047.75,1
2,11,1268.46,5073.86,6342.32,1
2,12,163.429,653.714,817.143,1
2,13,693.5,2774,3467.5,1
2,14,3085.16,12340.6,15425.8,1
2,15,252.9,1011.6,1264.5,1
2,16,1708.83,6835.33,8544.16,1
2,17,1038.42,4153.67,5192.08,1
2,18,558.75,2235,2793.75,1
2,19,605.5,2422,3027.5,1
2,20,313.35,1253.4,1566.75,1
2,21,1565.4,6261.6,7827,1
2,22,570.75,2283,2853.75,1
2,23,1480.54,5922.14,7402.68,1
2,24,1108.45,4433.8,5542.25,1
2,25,521.25,2085,2606.25,1
2,26,296.25,1185,1481.25,1
2,27,3085.75,12343,15428.8,1
2,28,669.5,2678,3347.5,1
2,29,1864.96,7459.83,9324.79,1
2,30,1694.38,6777.5,8471.88,1
2,31,1152.21,4608.86,5761.07,1
2,32,1249.75,4999,6248.75,1
2,33,1266.68,5066.71,6333.39,1
2,35,1980.87,7923.48,9904.35,1
2,36,2505.15,10020.6,12525.8,1
2,37,451.911,1807.64,2259.55,1
2,38,417.45,1669.8,2087.25,1
2,39,2929.21,11716.9,14646.1,1
2,40,645.425,2581.7,3227.12,1
2,41,2208.07,8832.29,11040.4,1
2,42,351.214,1404.86,1756.07,1
2,43,2709.58,10838.3,13547.9,1
2,44,1173.41,4693.64,5867.05,1
2,45,1370.25,5481,6851.25,1
2,46,1112.32,4449.29,5561.61,1
2,47,479.95,1919.8,2399.75,1
2,48,3281.65,13126.6,16408.2,1
2,49,1922.6,7690.4,9613,1
2,51,1193.03,4772.14,5965.17,1
2,52,145.607,582.429,728.036,1
2,53,1040.38,4161.5,5201.88,1
2,54,296.125,1184.5,1480.62,1
2,55,370,1480,1850,1
2,56,649.214,2596.86,3246.07,1
2,57,1501.33,6005.33,7506.66,1
2,58,1262.32,5049.29,6311.61,1
2,59,717.667,2870.67,3588.33,1
3,0,1889.5,7558,9447.5,1
3,1,1343.75,5375,6718.75,1
3,2,154.429,617.714,772.143,1
3,5,823.083,3292.33,4115.42,1
3,6,102.083,408.333,510.417,1
3,7,1267.18,5068.71,6335.89,1
3,8,986.8,3947.2,4934,1
3,10,1953.42,7813.67,9767.08,1
3,11,985.452,3941.81,4927.26,1
3,12,2719.49,10878,13597.5,1
3,13,2111.25,8445,10556.2,1
3,14,1301.95,5207.79,6509.73,1
3,15,1095,4380,5475,1
3,16,126.214,504.857,631.071,1
3,18,128.833,515.333,644.167,1
3,19,1018.14,4072.57,5090.71,1
3,20,1744.12,6976.5,8720.62,1
3,21,2495.5,9982,12477.5,1
3,22,987.833,3951.33,4939.17,1
3,23,1533.46,6133.86,7667.32,1
3,24,169.35,677.4,846.75,1
3,25,561.75,2247,2808.75,1
3,26,335.167,1340.67,1675.83,1
3,27,1074.63,4298.53,5373.17,1
3,28,1737.5,6950,8687.5,1
3,29,2144.95,8579.8,10724.8,1
3,30,229.083,916.333,1145.42,1
3,32,473.775,1895.1,2368.88,1
3,34,802,3208,4010,1
3,35,704.25,2817,3521.25,1
3,36,709.467,2837.87,3547.33,1
3,37,320,1280,1600,1
3,38,723.543,2894.17,3617.71,1
3,39,1876.07,7504.29,9380.36,1
3,40,1756.03,7024.13,8780.17,1
3,41,838.167,3352.67,4190.83,1
3,42,964.25,3857,4821.25,1
3,44,1290.58,5162.33,6452.92,1
3,45,960.583,3842.33,4802.92,1
3,46,1464.14,5856.57,7320.71,1
3,47,195.167,780.667,975.833,1
3,48,280.429,1121.71,1402.14,1
3,49,328.625,1314.5,1643.12,1
3,51,522.417,2089.67,2612.08,1
3,52,456.883,1827.53,2284.42,1
3,53,441.167,1764.67,2205.83,1
3,54,1794.5,7178,8972.5,1
3,55,667,2668,3335,1
3,56,1126.75,4507,5633.75,1
3,57,1326.43,5305.73,6632.17,1
3,58,208.333,833.333,1041.67,1
3,59,685.25,2741,3426.25,1
4,0,1147.5,4590,5737.5,1
4,1,1530.75,6123,7653.75,1
4,3,1121,4484,5605,1
4,5,263.55,1054.2,1317.75,1
4,6,1227.75,4911,6138.75,1
4,7,960.725,3842.9,4803.62,1
4,8,987.317,3949.27,4936.58,1
4,9,2030.58,8122.33,10152.9,1
4,11,998,3992,4990,1
4,12,1123.5,4494,5617.5,1
4,13,650.75,2603,3253.75,1
4,14,689.071,2756.29,3445.36,1
4,16,805.4,3221.6,4027,1
4,17,1199.42,4797.67,5997.08,1
4,20,1126,4504,5630,1
4,21,1033.51,4134.02,5167.53,1
4,22,661.464,2645.86,3307.32,1
4,23,830.012,3320.05,4150.06,1
4,24,408.5,1634,2042.5,1
4,26,264.5,1058,1322.5,1
4,27,1292.58,5170.31,6462.89,1
4,28,360.3,1441.2,1801.5,1
4,29,569.75,2279,2848.75,1
4,31,315.25,1261,1576.25,1
4,32,697.45,2789.8,3487.25,1
4,33,533,2132,2665,1
4,34,418.5,1674,2092.5,1
4,35,420.5,1682,2102.5,1
4,37,1214.2,4856.8,6071,1
4,38,491,1964,2455,1
4,39,525.5,2102,2627.5,1
4,40,169.3,677.2,846.5,1
4,41,2009.86,8039.43,10049.3,1
4,42,1396.3,5585.2,6981.5,1
4,43,441.75,1767,2208.75,1
4,45,1203.76,4815.05,6018.81,1
4,46,373.75,1495,1868.75,1
4,48,663.25,2653,3316.25,1
4,49,192.5,770,962.5,1
4,50,341.5,1366,1707.5,1
4,51,433.35,1733.4,2166.75,1
4,52,272,1088,1360,1
4,53,1661.14,6644.57,8305.71,1
4,54,935.25,3741,4676.25,1
4,56,565,2260,2825,1
4,57,157.286,629.143,786.429,1
4,59,591.75,2367,2958.75,1
5,0,708.75,2835,3543.75,1
5,1,498.429,1993.71,2492.14,1
5,2,2290.87,9163.48,11454.3,1
5,3,470.429,1881.71,2352.14,1
5,6,238.5,954,1192.5,1
5,7,2239.77,8959.1,11198.9,1
5,8,1598.24,6392.97,7991.21,1
5,9,982.907,3931.63,4914.54,1
5,10,405.607,1622.43,2028.04,1
5,11,658.671,2634.69,3293.36,1
5,12,1715.98,6863.91,8579.89,1
5,13,1258.49,5033.94,6292.43,1
5,14,2809.19,11236.7,14045.9,1
5,15,479.55,1918.2,2397.75,1
5,16,1675.22,6700.88,8376.1,1
5,17,2189.12,8756.5,10945.6,1
5,18,185.25,741,926.25,1
5,19,693.5,2774,3467.5,1
5,20,744.25,2977,3721.25,1
5,21,1481.9,5927.6,7409.5,1
5,22,1630.83,6523.33,8154.17,1
5,23,1885.15,7540.6,9425.75,1
5,24,284.625,1138.5,1423.12,1
5,25,753.8,3015.2,3769,1
5,26,956.075,3824.3,4780.38,1
5,27,3555.77,14223.1,17778.8,1
5,28,338.857,1355.43,1694.29,1
5,29,1162.93,4651.71,5814.64,1
5,30,1966.85,7867.4,9834.25,1
5,31,446.4,1785.6,2232,1
5,32,644.75,2579,3223.75,1
5,33,1437.62,5750.5,7188.12,1
5,34,147.417,589.667,737.083,1
5,35,819.75,3279,4098.75,1
5,36,2466.01,9864.05,12330.1,1
5,37,170.036,680.143,850.179,1
5,38,989.4,3957.6,4947,1
5,39,2720.93,10883.7,13604.6,1
5,40,1355.68,5422.71,6778.39,1
5,41,1648.29,6593.16,8241.45,1
5,42,494.893,1979.57,2474.46,1
5,43,751.25,3005,3756.25,1
5,44,1047.03,4188.1,5235.12,1
5,45,1585.78,6343.1,7928.88,1
5,46,1567.76,6271.03,7838.79,1
5,47,882.429,3529.71,4412.14,1
5,48,2706.85,10827.4,13534.2,1
5,49,2494.68,9978.71,12473.4,1
5,50,343,1372,1715,1
5,51,816.417,3265.67,4082.08,1
5,53,3210.05,12840.2,16050.3,1
5,55,922.5,3690,4612.5,1
5,57,2051.97,8207.87,10259.8,1
5,58,1015,4060,5075,1
5,59,184.75,739,923.75,1
6,1,501.85,2007.4,2509.25,1
6,2,1185.5,4742,5927.5,1
6,3,1240.5,4962,6202.5,1
6,4,717.25,2869,3586.25,1
6,5,846.45,3385.8,4232.25,1
6,7,644.5,2578,3222.5,1
6,10,346.5,1386,1732.5,1
6,11,1017.05,4068.2,5085.25,1
6,12,1530.68,6122.71,7653.39,1
6,13,793.967,3175.87,3969.83,1
6,14,545.411,2181.64,2727.05,1
6,15,908.5,3634,4542.5,1
6,16,1082.75,4331,5413.75,1
6,17,1289.7,5158.8,6448.5,1
6,18,368.286,1473.14,1841.43,1
6,20,2140.54,8562.14,10702.7,1
6,21,1327.47,5309.89,6637.36,1
6,22,806.75,3227,4033.75,1
6,23,444.214,1776.86,2221.07,1
6,24,409.25,1637,2046.25,1
6,25,721,2884,3605,1
6,26,675.25,2701,3376.25,1
6,27,2445.31,9781.23,12226.5,1
6,28,785.719,3142.88,3928.6,1
6,29,620.839,2483.36,3104.2,1
6,30,397.607,1590.43,1988.04,1
6,33,700.914,2803.66,3504.57,1
6,35,122.167,488.667,610.833,1
6,36,532.2,2128.8,2661,1
6,37,1154.62,4618.5,5773.12,1
6,39,2041.05,8164.21,10205.3,1
6,40,681.975,2727.9,3409.87,1
6,41,2094.32,8377.29,10471.6,1
6,43,800.256,3201.02,4001.28,1
6,44,382.525,1530.1,1912.62,1
6,45,1105.18,4420.71,5525.89,1
6,46,323.25,1293,1616.25,1
6,48,2453.68,9814.71,12268.4,1
6,49,1368.18,5472.71,6840.89,1
6,50,708.75,2835,3543.75,1
6,51,1880.55,7522.18,9402.73,1
6,52,457.75,1831,2288.75,1
6,53,907.583,3630.33,4537.92,1
6,54,408,1632,2040,1
6,55,144.429,577.714,722.143,1
6,56,498,1992,2490,1
6,57,728.229,2912.91,3641.14,1
6,58,589.083,2356.33,2945.42,1
7,0,2085.25,8340.98,10426.2,1
7,1,744.725,2978.9,3723.62,1
7,2,2063.49,8253.95,10317.4,1
7,3,441.107,1764.43,2205.54,1
7,5,750.905,3003.62,3754.52,1
7,6,445.5,1782,2227.5,1
7,8,1438.3,5753.18,7191.48,1
7,9,961.25,3845,4806.25,1
7,10,1725.86,6903.43,8629.29,1
7,11,884.75,3539,4423.75,1
7,12,1885.5,7542,9427.5,1
7,13,1790.78,7163.13,8953.92,1
7,14,3267.44,13069.8,16337.2,1
7,15,954.667,3818.67,4773.33,1
7,16,3566.59,14266.3,17832.9,1
7,17,914.5,3658,4572.5,1
7,18,423.607,1694.43,2118.04,1
7,19,1299.18,5196.73,6495.92,1
7,20,417.875,1671.5,2089.38,1
7,21,2199.68,8798.71,10998.4,1
7,22,636.686,2546.74,3183.43,1
7,23,513.65,2054.6,2568.25,1
7,24,1858.9,7435.61,9294.52,1
7,25,1801.96,7207.86,9009.82,1
7,26,1133.1,4532.4,5665.51,1
7,27,896.814,3587.26,4484.07,1
7,28,2629.47,10517.9,13147.4,1
7,29,2393.55,9574.2,11967.8,1
7,30,1175.03,4700.1,5875.12,1
7,31,2542.19,10168.8,12711,1
7,32,539.5,2158,2697.5,1
7,33,1726.61,6906.43,8633.04,1
7,34,508.457,2033.83,2542.29,1
7,35,1924.05,7696.21,9620.27,1
7,36,2834.29,11337.1,14171.4,1
7,37,769.9,3079.6,3849.5,1
7,38,2031.39,8125.54,10156.9,1
7,39,1538.62,6154.5,7693.12,1
7,40,1975.65,7902.6,9878.25,1
7,41,1882.32,7529.29,9411.61,1
7,42,1205.02,4820.07,6025.08,1
7,43,2373.74,9494.95,11868.7,1
7,44,1590.89,6363.57,7954.46,1
7,45,3078.56,12314.3,15392.8,1
7,46,2310.22,9240.88,11551.1,1
7,47,637.667,2550.67,3188.33,1
7,48,2043,8172,10215,1
7,49,1649.23,6596.93,8246.16,1
7,50,636.75,2547,3183.75,1
7,51,128.333,513.333,641.667,1
7,52,1334,5336,6670,1
7,53,1453,5812,7265,1
7,54,4013.89,16055.6,20069.4,1
7,55,602.75,2411,3013.75,1
7,56,1956.61,7826.43,9783.04,1
7,57,1736.29,6945.17,8681.46,1
7,58,1298.5,5194,6492.5,1
7,59,236.036,944.143,1180.18,1
8,0,578,2312,2890,1
8,1,138.5,554,692.5,1
8,2,2061.17,8244.67,10305.8,1
8,3,1530.75,6123,7653.75,1
8,5,1394.46,5577.83,6972.29,1
8,6,1107.42,4429.67,5537.08,1
8,7,660.9,2643.6,3304.5,1
8,9,186,744,930,1
8,10,752.35,3009.4,3761.75,1
8,11,244.625,978.5,1223.12,1
8,12,725.7,2902.8,3628.5,1
8,14,1248.25,4993,6241.25,1
8,15,944.317,3777.27,4721.58,1
8,16,973.714,3894.86,4868.57,1
8,17,1383.3,5533.21,6916.52,1
8,18,281.464,1125.86,1407.32,1
8,19,507.225,2028.9,2536.12,1
8,20,315,1260,1575,1
8,21,279,1116,1395,1
8,22,1753.2,7012.79,8765.98,1
8,23,1142.32,4569.29,5711.61,1
8,24,1241.17,4964.67,6205.83,1
8,25,1229.46,4917.83,6147.29,1
8,26,387,1548,1935,1
8,27,1044.46,4177.83,5222.29,1
8,28,730.775,2923.1,3653.88,1
8,29,1025.95,4103.8,5129.75,1
8,30,1190.88,4763.5,5954.38,1
8,31,247.333,989.333,1236.67,1
8,32,433.414,1733.66,2167.07,1
8,33,163.417,653.667,817.083,1
8,34,257.75,1031,1288.75,1
8,35,383.336,1533.34,1916.68,1
8,36,707.275,2829.1,3536.38,1
8,37,362.25,1449,1811.25,1
8,38,279,1116,1395,1
8,39,1705.52,6822.09,8527.61,1
8,40,2078.64,8314.57,10393.2,1
8,41,485.464,1941.86,2427.32,1
8,42,1482.06,5928.23,7410.29,1
8,43,1749.15,6996.6,8745.75,1
8,44,616.05,2464.2,3080.25,1
8,45,334.85,1339.4,1674.25,1
8,46,688.9,2755.6,3444.5,1
8,48,1193.5,4774,5967.5,1
8,49,428.75,1715,2143.75,1
8,50,1036.3,4145.22,5181.52,1
8,51,469.833,1879.33,2349.17,1
8,52,537.75,2151,2688.75,1
8,53,305.893,1223.57,1529.46,1
8,54,640.5,2562,3202.5,1
8,55,416.25,1665,2081.25,1
8,56,505.225,2020.9,2526.12,1
8,58,427.417,1709.67,2137.08,1
8,59,825.25,3301,4126.25,1
9,0,1198.3,4793.21,5991.52,1
9,1,2048.1,8192.4,10240.5,1
9,2,188.125,752.5,940.625,1
9,3,435.5,1742,2177.5,1
9,4,416.619,1666.48,2083.1,1
9,5,534.667,2138.67,2673.33,1
9,6,533.75,2135,2668.75,1
9,7,1477.75,5911,7388.75,1
9,8,783.633,3134.53,3918.17,1
9,10,1535.52,6142.09,7677.61,1
9,11,1214.38,4857.53,6071.92,1
9,12,409.25,1637,2046.25,1
9,13,664.75,2659,3323.75,1
9,14,1253.8,5015.2,6269,1
9,15,846.5,3386,4232.5,1
9,16,1183,4732,5915,1
9,17,685.65,2742.6,3428.25,1
9,18,109.3,437.2,546.5,1
9,19,587.721,2350.89,2938.61,1
9,20,531.917,2127.67,2659.58,1
9,21,478.375,1913.5,2391.88,1
9,22,893.417,3573.67,4467.08,1
9,23,475.179,1900.71,2375.89,1
9,24,1448.18,5792.71,7240.89,1
9,25,455.619,1822.48,2278.1,1
9,26,1454.87,5819.47,7274.33,1
9,27,2868.5,11474,14342.5,1
9,28,1063.17,4252.67,5315.83,1
9,29,671.55,2686.2,3357.75,1
9,30,1704.39,6817.57,8521.96,1
9,31,834.667,3338.67,4173.33,1
9,34,416.833,1667.33,2084.17,1
9,35,166.607,666.429,833.036,1
9,36,1263.5,5054,6317.5,1
9,37,992.817,3971.27,4964.08,1
9,38,198.083,792.333,990.417,1
9,39,2086.23,8344.93,10431.2,1
9,40,2385.45,9541.8,11927.2,1
9,41,1746.99,6987.96,8734.95,1
9,42,848.198,3392.79,4240.99,1
9,43,294.5,1178,1472.5,1
9,44,283.5,1134,1417.5,1
9,45,450.929,1803.71,2254.64,1
9,46,314.333,1257.33,1571.67,1
9,47,328.25,1313,1641.25,1
9,48,811.875,3247.5,4059.38,1
9,50,502.024,2008.1,2510.12,1
9,53,556.25,2225,2781.25,1
9,54,301.393,1205.57,1506.96,1
9,55,156.2,624.8,781,1
9,56,897.571,3590.29,4487.86,1
9,57,2287.23,9148.9,11436.1,1
9,58,1042.88,4171.5,5214.38,1
9,59,264,1056,1320,1
10,0,1758.67,7034.67,8793.34,1
10,3,490.036,1960.14,2450.18,1
10,4,439,1756,2195,1
10,5,1166.12,4664.47,5830.58,1
10,6,227.5,910,1137.5,1
10,7,1845.6,7382.4,9228,1
10,8,968.5,3874,4842.5,1
10,9,296.921,1187.69,1484.61,1
10,11,799,3196,3995,1
10,12,645.607,2582.43,3228.04,1
10,13,1048.5,4194,5242.5,1
10,14,1955.85,7823.4,9779.25,1
10,15,1069.1,4276.4,5345.5,1
10,16,2692,10768,13460,1
10,17,622.696,2490.79,3113.48,1
10,19,146.6,586.4,733,1
10,20,380,1520,1900,1
10,21,242.5,970,1212.5,1
10,22,1353.08,5412.33,6765.42,1
10,23,902,3608,4510,1
10,24,3001.58,12006.3,15007.9,1
10,25,727.543,2910.17,3637.71,1
10,26,673.161,2692.64,3365.8,1
10,27,1297.59,5190.34,6487.93,1
10,28,1903.6,7614.4,9518,1
10,29,2468.35,9873.4,12341.8,1
10,30,1013.07,4052.26,5065.33,1
10,31,842,3368,4210,1
10,32,1717.43,6869.73,8587.17,1
10,34,976.468,3905.87,4882.34,1
10,36,436.65,1746.6,2183.25,1
10,37,1584.83,6339.32,7924.15,1
10,39,1271.9,5087.6,6359.5,1
10,40,2012.57,8050.27,10062.8,1
10,41,1034.86,4139.43,5174.29,1
10,42,429.55,1718.2,2147.75,1
10,43,1003.39,4013.57,5016.96,1
10,44,1726.88,6907.5,8634.38,1
10,45,1135.8,4543.21,5679.02,1
10,46,1617.82,6471.29,8089.11,1
10,47,906.6,3626.4,4533,1
10,48,962.925,3851.7,4814.62,1
10,49,998.167,3992.67,4990.83,1
10,50,152.893,611.571,764.464,1
10,51,289.19,1156.76,1445.95,1
10,52,1411.75,5647,7058.75,1
10,53,1614.38,6457.5,8071.88,1
10,54,1366.25,5465,6831.25,1
10,55,281,1124,1405,1
10,56,630.329,2521.31,3151.64,1
10,57,1841.39,7365.57,9206.96,1
10,59,1012.82,4051.29,5064.11,1
11,0,898.75,3595,4493.75,1
11,1,615.25,2461,3076.25,1
11,2,3229.12,12916.5,16145.6,1
11,3,759.65,3038.6,3798.25,1
11,4,849.15,3396.6,4245.75,1
11,5,816.875,3267.5,4084.38,1
11,6,204.167,816.667,1020.83,1
11,7,1457.5,5830,7287.5,1
11,8,493.2,1972.8,2466,1
11,9,796.125,3184.5,3980.62,1
11,10,2008.32,8033.29,10041.6,1
11,12,149.036,596.143,745.179,1
11,13,720.8,2883.2,3604,1
11,14,2021.93,8087.71,10109.6,1
11,15,711.5,2846,3557.5,1
11,16,1800.15,7200.61,9000.77,1
11,18,1115.5,4462,5577.5,1
11,19,1533.07,6132.29,7665.36,1
11,20,2178.22,8712.9,10891.1,1
11,21,2415.64,9662.57,12078.2,1
11,22,351.929,1407.71,1759.64,1
11,23,1127.29,4509.17,5636.46,1
11,24,1598.4,6393.6,7992,1
11,25,846.393,3385.57,4231.96,1
11,26,477.75,1911,2388.75,1
11,27,928.649,3714.6,4643.24,1
11,28,2437.71,9750.83,12188.5,1
11,29,2276.36,9105.46,11381.8,1
11,30,2379.88,9519.5,11899.4,1
11,31,2165.62,8662.5,10828.1,1
11,32,516.5,2066,2582.5,1
11,33,781.375,3125.5,3906.88,1
11,34,1083.32,4333.29,5416.61,1
11,35,1225.86,4903.46,6129.32,1
11,36,803.25,3213,4016.25,1
11,37,1646.62,6586.5,8233.12,1
11,38,900.417,3601.67,4502.08,1
11,39,752.905,3011.62,3764.52,1
11,40,1208.93,4835.7,6044.63,1
11,41,1868.67,7474.7,9343.38,1
11,42,1578.2,6312.79,7890.98,1
11,43,2522.37,10089.5,12611.9,1
11,44,2335.92,9343.67,11679.6,1
11,45,1856.77,7427.07,9283.83,1
11,46,911.036,3644.14,4555.18,1
11,47,834.533,3338.13,4172.67,1
11,48,1663.88,6655.5,8319.38,1
11,49,1469.96,5879.86,7349.82,1
11,50,936.357,3745.43,4681.79,1
11,51,970.179,3880.71,4850.89,1
11,53,725.143,2900.57,3625.71,1
11,54,1459.64,5838.57,7298.21,1
11,55,552.75,2211,2763.75,1
11,57,1470.71,5882.86,7353.57,1
11,58,564.929,2259.71,2824.64,1
11,59,825.989,3303.96,4129.95,1
12,0,272.625,1090.5,1363.12,1
12,1,87.5,350,437.5,1
12,2,979.025,3916.1,4895.12,1
12,3,561.917,2247.67,2809.58,1
12,4,607.383,2429.53,3036.92,1
12,5,1101.83,4407.3,5509.12,1
12,6,759,3036,3795,1
12,7,2747.12,10988.5,13735.6,1
12,8,390.15,1560.6,1950.75,1
12,9,1449.24,5796.95,7246.19,1
12,10,2243.25,8973,11216.2,1
12,11,1821.95,7287.8,9109.75,1
12,13,866.911,3467.64,4334.55,1
12,14,1976.99,7907.94,9884.93,1
12,15,189,756,945,1
12,16,1487.06,5948.24,7435.3,1
12,17,606.129,2424.51,3030.64,1
12,18,359.1,1436.4,1795.5,1
12,19,406.25,1625,2031.25,1
12,20,286.929,1147.71,1434.64,1
12,21,949.4,3797.6,4747,1
12,22,1804.83,7219.33,9024.17,1
12,23,1012.7,4050.8,5063.5,1
12,24,1319.77,5279.07,6598.84,1
12,25,1283,5132,6415,1
12,27,2499.4,9997.6,12497,1
12,28,1455.65,5822.61,7278.27,1
12,29,806.967,3227.87,4034.83,1
12,30,2410.79,9643.14,12053.9,1
12,31,834.998,3339.99,4174.99,1
12,33,254.6,1018.4,1273,1
12,34,142.75,571,713.75,1
12,35,755.458,3021.83,3777.29,1
12,37,2360.57,9442.29,11802.9,1
12,39,1381.39,5525.55,6906.93,1
12,40,1241.16,4964.63,6205.79,1
12,41,2257.2,9028.8,11286,1
12,42,1717.71,6870.86,8588.57,1
12,43,724.286,2897.14,3621.43,1
12,44,1626.01,6504.05,8130.06,1
12,45,2016.56,8066.24,10082.8,1
12,46,381.9,1527.6,1909.5,1
12,47,622.5,2490,3112.5,1
12,48,1837.47,7349.9,9187.38,1
12,49,1436.31,5745.24,7181.55,1
12,50,3175.51,12702,15877.6,1
12,51,119.9,479.6,599.5,1
12,52,1592.5,6370,7962.5,1
12,53,1472.57,5890.29,7362.86,1
12,54,811.821,3247.29,4059.11,1
12,55,2010.12,8040.5,10050.6,1
12,56,324,1296,1620,1
12,57,804.964,3219.86,4024.82,1
12,58,1319.36,5277.43,6596.79,1
13,0,1500,6000,7500,1
13,1,284.571,1138.29,1422.86,1
13,2,986.179,3944.71,4930.89,1
13,3,553.714,2214.86,2768.57,1
13,4,360,1440,1800,1
13,5,1326.68,5306.73,6633.42,1
13,6,351.5,1406,1757.5,1
13,7,817.464,3269.86,4087.32,1
13,8,396.571,1586.29,1982.86,1
13,9,1487.67,5950.67,7438.33,1
13,10,1264.79,5059.14,6323.93,1
13,11,779,3116,3895,1
13,12,515.079,2060.31,2575.39,1
13,14,742.793,2971.17,3713.96,1
13,15,819.3,3277.2,4096.5,1
13,16,965.125,3860.5,4825.62,1
13,17,200.125,800.5,1000.62,1
13,18,558.25,2233,2791.25,1
13,19,592.5,2370,2962.5,1
13,21,1676.76,6707.06,8383.82,1
13,22,201,804,1005,1
13,23,984.886,3939.54,4924.43,1
13,24,626.875,2507.5,3134.38,1
13,25,728.25,2913,3641.25,1
13,26,892.25,3569,4461.25,1
13,27,552.614,2210.46,2763.07,1
13,28,1525.26,6101.04,7626.3,1
13,29,1255.12,5020.5,6275.62,1
13,30,2009.25,8037,10046.2,1
13,31,1248.39,4993.56,6241.95,1
13,32,261,1044,1305,1
13,33,472.982,1891.93,2364.91,1
13,34,302,1208,1510,1
13,35,109.917,439.667,549.583,1
13,36,1102.89,4411.57,5514.46,1
13,37,1050.9,4203.62,5254.52,1
13,39,2054.6,8218.39,10273,1
13,40,565.25,2261,2826.25,1
13,41,1637.29,6549.17,8186.46,1
13,42,713.793,2855.17,3568.96,1
13,44,895.808,3583.23,4479.04,1
13,45,421.232,1684.93,2106.16,1
13,46,1577.1,6308.4,7885.5,1
13,47,1907.75,7631,9538.75,1
13,48,1105.75,4423,5528.75,1
13,49,545.5,2182,2727.5,1
13,51,398.75,1595,1993.75,1
13,52,476.75,1907,2383.75,1
13,53,2771.96,11087.8,13859.8,1
13,54,1227.38,4909.53,6136.92,1
13,57,927.125,3708.5,4635.62,1
13,58,196.65,786.6,983.25,1
13,59,867.25,3469,4336.25,1
14,0,1867.88,7471.51,9339.39,1
14,1,2257.02,9028.09,11285.1,1
14,2,2111.03,8444.1,10555.1,1
14,3,1330.94,5323.77,6654.71,1
14,4,1543,6172,7715,1
14,5,605.643,2422.57,3028.21,1
14,6,311.25,1245,1556.25,1
14,7,1278.76,5115.03,6393.79,1
14,8,1587.6,6350.42,7938.02,1
14,9,525.5,2102,2627.5,1
14,10,644.536,2578.14,3222.68,1
14,11,2837.88,11351.5,14189.4,1
14,12,718.036,2872.14,3590.18,1
14,13,1302.64,5210.57,6513.21,1
14,15,1027.49,4109.97,5137.46,1
14,16,2104.42,8417.67,10522.1,1
14,17,1181.29,4725.17,5906.46,1
14,18,1356.75,5427,6783.75,1
14,19,946.429,3785.71,4732.14,1
14,20,2571.49,10286,12857.4,1
14,21,2492.64,9970.57,12463.2,1
14,22,726.036,2904.14,3630.18,1
14,24,2968.02,11872.1,14840.1,1
14,25,1464.22,5856.9,7321.12,1
14,26,986.225,3944.9,4931.12,1
14,27,2404.37,9617.47,12021.8,1
14,28,845.25,3381,4226.25,1
14,29,2305.25,9221,11526.2,1
14,30,1065.36,4261.46,5326.82,1
14,31,665.95,2663.8,3329.75,1
14,32,1758.05,7032.2,8790.25,1
14,33,2061.71,8246.83,10308.5,1
14,34,1288.89,5155.57,6444.46,1
14,35,1583.63,6334.51,7918.14,1
14,36,1109.75,4439,5548.75,1
14,37,2815.2,11260.8,14076,1
14,38,262.714,1050.86,1313.57,1
14,39,3147.3,12589.2,15736.5,1
14,40,1110.25,4441,5551.25,1
14,41,445.65,1782.6,2228.25,1
14,42,4411.86,17647.4,22059.3,1
14,43,1377.75,5511,6888.75,1
14,44,1033.6,4134.4,5168,1
14,45,1676.79,6707.14,8383.93,1
14,46,1974.75,7899,9873.75,1
14,47,1968.92,7875.67,9844.58,1
14,48,1809.35,7237.4,9046.75,1
14,49,2877.24,11509,14386.2,1
14,50,1558.92,6235.69,7794.61,1
14,51,772.571,3090.29,3862.86,1
14,52,952.679,3810.71,4763.39,1
14,53,2251.53,9006.12,11257.6,1
14,54,1869.58,7478.31,9347.89,1
14,55,358.2,1432.8,1791,1
14,56,668.136,2672.54,3340.68,1
14,57,1453.48,5813.9,7267.38,1
14,58,1376.02,5504.07,6880.09,1
14,59,382.05,1528.2,1910.25,1
15,0,883.833,3535.33,4419.17,1
15,3,760.5,3042,3802.5,1
15,4,441.75,1767,2208.75,1
15,5,953.75,3815,4768.75,1
15,7,371.55,1486.2,1857.75,1
15,8,1107.62,4430.49,5538.11,1
15,9,246.1,984.4,1230.5,1
15,10,553,2212,2765,1
15,11,301.833,1207.33,1509.17,1
15,12,289,1156,1445,1
15,14,974.464,3897.86,4872.32,1
15,16,1019.59,4078.36,5097.95,1
15,17,458.75,1835,2293.75,1
15,19,369.15,1476.6,1845.75,1
15,20,314.9,1259.6,1574.5,1
15,21,1027.18,4108.71,5135.89,1
15,23,1813.52,7254.07,9067.58,1
15,24,1384.46,5537.86,6922.32,1
15,25,1615.11,6460.43,8075.54,1
15,26,180.429,721.714,902.143,1
15,27,2376.51,9506.03,11882.5,1
15,28,1005.9,4023.6,5029.5,1
15,29,1298.02,5192.09,6490.11,1
15,30,1248.96,4995.83,6244.79,1
15,31,708.25,2833,3541.25,1
15,32,180.107,720.429,900.536,1
15,33,195.75,783,978.75,1
15,34,147.4,589.6,737,1
15,35,1738.5,6954,8692.5,1
15,36,544.071,2176.29,2720.36,1
15,39,847.429,3389.71,4237.14,1
15,40,1554.4,6217.6,7772,1
15,41,1428.6,5714.4,7143,1
15,42,861.464,3445.86,4307.32,1
15,43,1266.82,5067.29,6334.11,1
15,44,1301.11,5204.43,6505.54,1
15,45,699.5,2798,3497.5,1
15,46,1960.86,7843.43,9804.29,1
15,47,267.5,1070,1337.5,1
15,48,382.475,1529.9,1912.38,1
15,49,604.75,2419,3023.75,1
15,51,1016.25,4065,5081.25,1
15,52,527.5,2110,2637.5,1
15,53,885.25,3541,4426.25,1
15,54,816.6,3266.4,4083,1
15,55,280.1,1120.4,1400.5,1
15,57,1113.25,4453,5566.25,1
15,58,682.5,2730,3412.5,1
16,0,998.25,3993,4991.25,1
16,1,131.4,525.6,657,1
16,2,2048.26,8193.04,10241.3,1
16,3,3130.18,12520.7,15650.9,1
16,4,1054.5,4218,5272.5,1
16,5,178.5,714,892.5,1
16,6,403.06,1612.24,2015.3,1
16,7,891.083,3564.33,4455.42,1
16,8,1765.29,7061.14,8826.43,1
16,9,410.25,1641,2051.25,1
16,10,1980.26,7921.03,9901.29,1
16,11,3400.18,13600.7,17000.9,1
16,12,1685.28,6741.13,8426.42,1
16,13,404.429,1617.71,2022.14,1
16,14,3591.79,14367.2,17959,1
16,15,393.6,1574.4,1968,1
16,17,2782.92,11131.7,13914.6,1
16,18,165.75,663,828.75,1
16,19,403.375,1613.5,2016.88,1
16,21,1106.05,4424.2,5530.25,1
16,22,1808.88,7235.5,9044.38,1
16,23,2490.36,9961.43,12451.8,1
16,24,3268.02,13072.1,16340.1,1
16,25,1826.67,7306.67,9133.33,1
16,26,1122.36,4489.43,5611.79,1
16,27,3057.36,12229.4,15286.8,1
16,28,1549.6,6198.39,7747.98,1
16,29,822,3288,4110,1
16,30,3871.61,15486.4,19358.1,1
16,31,540.155,2160.62,2700.77,1
16,32,376.05,1504.2,1880.25,1
16,33,2812.91,11251.6,14064.6,1
16,35,1616.91,6467.64,8084.55,1
16,36,1500.35,6001.4,7501.75,1
16,37,2473.62,9894.47,12368.1,1
16,38,974,3896,4870,1
16,39,1814.84,7259.34,9074.18,1
16,40,1862.92,7451.7,9314.62,1
16,41,1907.25,7629,9536.25,1
16,42,1286.55,5146.19,6432.74,1
16,43,888.125,3552.5,4440.62,1
16,44,604.583,2418.33,3022.92,1
16,45,1768.99,7075.98,8844.97,1
16,46,3880.63,15522.5,19403.1,1
16,47,917.161,3668.64,4585.8,1
16,48,1637.21,6548.84,8186.05,1
16,49,617.083,2468.33,3085.42,1
16,51,1322.04,5288.17,6610.21,1
16,52,1908.84,7635.37,9544.21,1
16,53,2815.38,11261.5,14076.9,1
16,54,153.6,614.4,768,1
16,55,817.75,3271,4088.75,1
16,56,2096.57,8386.29,10482.9,1
16,57,1299.18,5196.71,6495.89,1
16,59,2017,8068,10085,1
17,0,1708.54,6834.14,8542.68,1
17,1,1231.5,4926,6157.5,1
17,2,725.321,2901.29,3626.61,1
17,3,308.05,1232.2,1540.25,1
17,4,724.95,2899.8,3624.75,1
17,5,577.464,2309.86,2887.32,1
17,6,544.5,2178,2722.5,1
17,7,1488.62,5954.47,7443.09,1
17,8,192,768,960,1
17,9,1287.25,5149,6436.25,1
17,10,2346.5,9386,11732.5,1
17,11,1576.45,6305.8,7882.25,1
17,12,1623.27,6493.1,8116.37,1
17,13,1053.7,4214.8,5268.5,1
17,14,532.45,2129.8,2662.25,1
17,15,680,2720,3400,1
17,16,695,2780,3475,1
17,19,981,3924,4905,1
17,20,506.482,2025.93,2532.41,1
17,21,1217.83,4871.33,6089.17,1
17,23,2041.62,8166.48,10208.1,1
17,24,2756.75,11027,13783.8,1
17,25,330,1320,1650,1
17,26,1083.12,4332.5,5415.62,1
17,27,1795.97,7183.9,8979.87,1
17,28,372.125,1488.5,1860.62,1
17,29,2262.76,9051.05,11313.8,1
17,30,1121.5,4486,5607.5,1
17,31,522.714,2090.86,2613.57,1
17,32,1300.46,5201.83,6502.29,1
17,33,421.167,1684.67,2105.83,1
17,35,1124.92,4499.67,5624.59,1
17,36,254.625,1018.5,1273.12,1
17,37,2460.15,9840.62,12300.8,1
17,38,195.5,782,977.5,1
17,39,1973.24,7892.98,9866.22,1
17,40,1148.57,4594.26,5742.83,1
17,41,794.929,3179.71,3974.64,1
17,42,1282.75,5131,6413.75,1
17,43,183.833,735.333,919.167,1
17,44,2372.32,9489.29,11861.6,1
17,45,830.167,3320.67,4150.83,1
17,46,2042.64,8170.57,10213.2,1
17,47,411.393,1645.57,2056.96,1
17,48,908.357,3633.43,4541.79,1
17,49,1680.89,6723.57,8404.46,1
17,50,1397.95,5591.8,6989.75,1
17,51,907.333,3629.33,4536.67,1
17,52,1254.71,5018.86,6273.57,1
17,53,1578.14,6312.57,7890.71,1
17,54,171.917,687.667,859.583,1
17,56,1816.12,7264.5,9080.62,1
17,57,1888.12,7552.5,9440.62,1
17,58,692.571,2770.29,3462.86,1
17,59,1488.36,5953.45,7441.82,1
18,0,249.786,999.143,1248.93,1
18,1,732.964,2931.86,3664.82,1
18,2,1394.94,5579.74,6974.68,1
18,4,164.429,657.714,822.143,1
18,5,770.167,3080.67,3850.83,1
18,6,677.714,2710.86,3388.57,1
18,7,1172.83,4691.33,5864.17,1
18,8,210.9,843.6,1054.5,1
18,10,530.369,2121.48,2651.85,1
18,11,683.375,2733.5,3416.88,1
18,14,1086.2,4344.8,5431,1
18,16,1538.59,6154.34,7692.93,1
18,17,304.5,1218,1522.5,1
18,19,250.571,1002.29,1252.86,1
18,20,1091,4364,5455,1
18,21,648.5,2594,3242.5,1
18,22,159.167,636.667,795.833,1
18,23,662,2648,3310,1
18,24,451.429,1805.71,2257.14,1
18,25,357.021,1428.09,1785.11,1
18,27,1833.45,7333.8,9167.25,1
18,28,1169.25,4677,5846.25,1
18,29,1380.65,5522.6,6903.25,1
18,30,442.5,1770,2212.5,1
18,31,371.75,1487,1858.75,1
18,34,469.5,1878,2347.5,1
18,35,523.214,2092.86,2616.07,1
18,36,547,2188,2735,1
18,38,590.917,2363.67,2954.58,1
18,39,898.875,3595.5,4494.38,1
18,40,470.5,1882,2352.5,1
18,41,672.833,2691.33,3364.17,1
18,42,517.75,2071,2588.75,1
18,43,162,648,810,1
18,44,386,1544,1930,1
18,45,173.75,695,868.75,1
18,46,869.6,3478.4,4348,1
18,47,1321.83,5287.33,6609.17,1
18,49,303.536,1214.14,1517.68,1
18,50,255.75,1023,1278.75,1
18,51,1046.55,4186.2,5232.75,1
18,53,845,3380,4225,1
18,54,603.214,2412.86,3016.07,1
18,55,738,2952,3690,1
18,56,411.5,1646,2057.5,1
18,57,1034.09,4136.36,5170.45,1
18,58,891.036,3564.14,4455.18,1
19,0,954.25,3817,4771.25,1
19,1,518.5,2074,2592.5,1
19,2,1219.25,4877,6096.25,1
19,3,917.75,3671,4588.75,1
19,4,496.75,1987,2483.75,1
19,5,902.667,3610.67,4513.33,1
19,7,3001.46,12005.9,15007.3,1
19,8,215.7,862.8,1078.5,1
19,10,464.575,1858.3,2322.88,1
19,11,489,1956,2445,1
19,12,612.575,2450.3,3062.88,1
19,15,559.25,2237,2796.25,1
19,16,706.479,2825.91,3532.39,1
19,17,113,452,565,1
19,18,785.25,3141,3926.25,1
19,20,1225.04,4900.17,6125.21,1
19,21,542.75,2171,2713.75,1
19,22,1130.25,4521,5651.25,1
19,23,789.875,3159.5,3949.38,1
19,24,1495.57,5982.29,7477.86,1
19,25,335.25,1341,1676.25,1
19,26,487.75,1951,2438.75,1
19,27,2116.38,8465.5,10581.9,1
19,28,591.5,2366,2957.5,1
19,29,397.875,1591.5,1989.38,1
19,30,1329.2,5316.79,6645.98,1
19,31,604,2416,3020,1
19,32,435.25,1741,2176.25,1
19,33,750.25,3001,3751.25,1
19,34,343.286,1373.14,1716.43,1
19,35,607,2428,3035,1
19,36,414.5,1658,2072.5,1
19,37,346.25,1385,1731.25,1
19,38,593.1,2372.4,2965.5,1
19,39,1138.05,4552.2,5690.25,1
19,40,1387.4,5549.6,6937,1
19,41,3451.75,13807,17258.8,1
19,42,1224.21,4896.86,6121.07,1
19,43,1052.88,4211.5,5264.38,1
19,44,1273.65,5094.6,6368.25,1
19,45,786.583,3146.33,3932.92,1
19,46,2655.71,10622.9,13278.6,1
19,47,399.571,1598.29,1997.86,1
19,48,292.125,1168.5,1460.62,1
19,49,410,1640,2050,1
19,53,1410.25,5641,7051.25,1
19,55,226.929,907.714,1134.64,1
19,56,465.25,1861,2326.25,1
19,57,513.304,2053.21,2566.52,1
20,0,688.667,2754.67,3443.33,1
20,1,476.304,1905.21,2381.52,1
20,2,1125.12,4500.47,5625.58,1
20,3,1340.88,5363.5,6704.38,1
20,4,738.5,2954,3692.5,1
20,5,560.129,2240.51,2800.64,1
20,6,987.857,3951.43,4939.29,1
20,7,1259.57,5038.29,6297.86,1
20,8,169.607,678.429,848.036,1
20,9,1862.4,7449.6,9312,1
20,10,1615.75,6463,8078.75,1
20,11,2268.1,9072.4,11340.5,1
20,12,406.543,1626.17,2032.71,1
20,13,919.536,3678.14,4597.68,1
20,14,1782.54,7130.14,8912.68,1
20,15,488.5,1954,2442.5,1
20,16,908.55,3634.2,4542.75,1
20,17,1240.58,4962.3,6202.88,1
20,19,1734.5,6938,8672.5,1
20,21,944.417,3777.67,4722.08,1
20,23,503,2012,2515,1
20,24,2312.25,9249,11561.2,1
20,25,1552.83,6211.31,7764.14,1
20,27,986.525,3946.1,4932.62,1
20,28,1130.43,4521.73,5652.17,1
20,29,583.357,2333.43,2916.79,1
20,30,1542.64,6170.57,7713.21,1
20,31,1183.29,4733.17,5916.46,1
20,32,738.279,2953.11,3691.39,1
20,33,236.417,945.667,1182.08,1
20,34,504.333,2017.33,2521.67,1
20,35,308.375,1233.5,1541.88,1
20,36,1421.45,5685.79,7107.23,1
20,37,695.607,2782.43,3478.04,1
20,39,1438.85,5755.41,7194.27,1
20,40,962,3848,4810,1
20,41,1010.6,4042.4,5053,1
20,42,998.083,3992.33,4990.42,1
20,43,1330.46,5321.86,6652.32,1
20,44,503.25,2013,2516.25,1
20,45,2022.38,8089.5,10111.9,1
20,46,943.761,3775.04,4718.8,1
20,47,974.125,3896.5,4870.62,1
20,48,144.429,577.714,722.143,1
20,49,1324.86,5299.43,6624.29,1
20,50,172.1,688.4,860.5,1
20,51,982.85,3931.4,4914.25,1
20,52,135.75,543,678.75,1
20,53,942.05,3768.2,4710.25,1
20,54,1160.33,4641.33,5801.67,1
20,55,606.5,2426,3032.5,1
20,56,788.857,3155.43,3944.29,1
20,57,1959.4,7837.59,9796.99,1
20,58,1610.5,6442,8052.5,1
20,59,423.798,1695.19,2118.99,1
21,0,1077.3,4309.19,5386.49,1
21,1,617.714,2470.86,3088.57,1
21,2,1606.71,6426.83,8033.54,1
21,3,1275.5,5102,6377.5,1
21,4,1714.25,6857,8571.25,1
21,5,816.65,3266.6,4083.25,1
21,6,1158.25,4633,5791.25,1
21,7,2903.26,11613,14516.3,1
21,8,311.414,1245.66,1557.07,1
21,9,341.1,1364.4,1705.5,1
21,10,467.667,1870.67,2338.33,1
21,11,2558.9,10235.6,12794.5,1
21,12,1657.97,6631.89,8289.86,1
21,13,626.275,2505.1,3131.38,1
21,14,2495.39,9981.57,12477,1
21,15,519.839,2079.36,2599.2,1
21,16,933.429,3733.71,4667.14,1
21,17,1675.07,6700.27,8375.33,1
21,18,770.833,3083.33,3854.17,1
21,19,1009.32,4037.27,5046.58,1
21,20,1000.48,4001.93,5002.41,1
21,22,541.536,2166.14,2707.68,1
21,23,1752.4,7009.6,8762,1
21,24,1381.25,5525,6906.25,1
21,25,1596.58,6386.32,7982.9,1
21,26,597.796,2391.19,2988.98,1
21,27,2524,10096,12620,1
21,28,834.979,3339.91,4174.89,1
21,29,1388.97,5555.89,6944.86,1
21,30,4434.75,17739,22173.8,1
21,31,369.75,1479,1848.75,1
21,32,736.917,2947.67,3684.58,1
21,33,873.979,3495.91,4369.89,1
21,35,1058.95,4235.8,5294.75,1
21,36,1067.33,4269.31,5336.64,1
21,37,2294.3,9177.2,11471.5,1
21,39,1522.19,6088.77,7610.96,1
21,40,1218.25,4873,6091.25,1
21,41,2402.55,9610.2,12012.7,1
21,42,2295.25,9180.98,11476.2,1
21,43,1878.7,7514.8,9393.5,1
21,44,1201.52,4806.07,6007.58,1
21,45,1582.22,6328.9,7911.12,1
21,46,1255.3,5021.2,6276.5,1
21,47,1187.88,4751.5,5939.38,1
21,48,670.15,2680.6,3350.75,1
21,49,560.75,2243,2803.75,1
21,50,346.95,1387.8,1734.75,1
21,51,1039.38,4157.5,5196.88,1
21,52,1245.5,4982,6227.5,1
21,53,3217.72,12870.9,16088.6,1
21,54,103.1,412.4,515.5,1
21,55,1150.19,4600.74,5750.93,1
21,56,570.821,2283.29,2854.11,1
21,57,1499.49,5997.94,7497.43,1
21,58,131.1,524.4,655.5,1
21,59,854.917,3419.67,4274.58,1
22,0,205.8,823.2,1029,1
22,1,1930.52,7722.07,9652.59,1
22,2,913.81,3655.24,4569.05,1
22,3,2478,9912,12390,1
22,5,264.286,1057.14,1321.43,1
22,6,227.833,911.333,1139.17,1
22,7,652.375,2609.5,3261.88,1
22,8,528.464,2113.86,2642.32,1
22,9,1121.43,4485.72,5607.15,1
22,10,162.9,651.6,814.5,1
22,11,755.4,3021.6,3777,1
22,12,724.914,2899.66,3624.57,1
22,13,246.429,985.714,1232.14,1
22,14,680.75,2723,3403.75,1
22,15,262.4,1049.6,1312,1
22,16,1209.09,4836.34,6045.43,1
22,17,576.369,2305.48,2881.85,1
22,18,675.25,2701,3376.25,1
22,19,375.25,1501,1876.25,1
22,20,907.6,3630.4,4538,1
22,21,1446.94,5787.76,7234.7,1
22,23,205.6,822.4,1028,1
22,24,670.258,2681.03,3351.29,1
22,25,190.05,760.2,950.25,1
22,26,851.583,3406.33,4257.92,1
22,27,1130.12,4520.5,5650.62,1
22,28,113.917,455.667,569.583,1
22,29,314.5,1258,1572.5,1
22,30,1689.2,6756.8,8446,1
22,31,1200.93,4803.71,6004.64,1
22,33,303.25,1213,1516.25,1
22,34,977,3908,4885,1
22,35,448.525,1794.1,2242.62,1
22,36,561.25,2245,2806.25,1
22,37,1304.61,5218.43,6523.04,1
22,38,1042.17,4168.67,5210.83,1
22,39,804.268,3217.07,4021.34,1
22,40,1472.21,5888.83,7361.04,1
22,41,1297.44,5189.77,6487.21,1
22,42,1159.8,4639.2,5799,1
22,43,1485.7,5942.8,7428.5,1
22,44,801.25,3205,4006.25,1
22,45,1483.43,5933.7,7417.13,1
22,46,1635.37,6541.47,8176.83,1
22,47,209.714,838.857,1048.57,1
22,48,1061.89,4247.57,5309.46,1
22,49,474.25,1897,2371.25,1
22,52,181.7,726.8,908.5,1
22,53,1094.58,4378.3,5472.88,1
22,54,850.958,3403.83,4254.79,1
22,55,303.536,1214.14,1517.68,1
22,57,1182.97,4731.9,5914.88,1
22,59,473.25,1893,2366.25,1
23,0,847.202,3388.81,4236.01,1
23,1,1506.86,6027.43,7534.29,1
23,2,877.458,3509.83,4387.29,1
23,3,732.833,2931.33,3664.17,1
23,4,1385.21,5540.86,6926.07,1
23,5,1396.11,5584.43,6980.54,1
23,6,883.6,3534.4,4418,1
23,7,891.75,3567,4458.75,1
23,8,1311.4,5245.6,6557,1
23,9,1039.25,4157,5196.25,1
23,10,393.536,1574.14,1967.68,1
23,11,1017.02,4068.07,5085.09,1
23,12,2368.41,9473.63,11842,1
23,13,894.214,3576.86,4471.07,1
23,14,1884.09,7536.35,9420.44,1
23,15,429.75,1719,2148.75,1
23,16,1598.88,6395.5,7994.38,1
23,17,1091.74,4366.98,5458.72,1
23,19,862.85,3451.4,4314.25,1
23,20,1507.85,6031.4,7539.25,1
23,21,87.5833,350.333,437.917,1
23,22,213.833,855.333,1069.17,1
23,24,2061.27,8245.1,10306.4,1
23,25,561.8,2247.2,2809,1
23,26,554.317,2217.27,2771.58,1
23,27,2850.19,11400.8,14251,1
23,28,1092,4368,5460,1
23,29,546.917,2187.67,2734.58,1
23,30,1813.72,7254.89,9068.61,1
23,31,161.2,644.8,806,1
23,32,1253.25,5013,6266.25,1
23,33,1361.83,5447.33,6809.17,1
23,34,521.5,2086,2607.5,1
23,35,1080.75,4323,5403.75,1
23,36,772.238,3088.95,3861.19,1
23,37,2195.55,8782.2,10977.7,1
23,38,511.5,2046,2557.5,1
23,39,344.417,1377.67,1722.08,1
23,40,1137.17,4548.67,5685.83,1
23,41,1790.85,7163.4,8954.25,1
23,42,366.5,1466,1832.5,1
23,43,894.05,3576.2,4470.25,1
23,44,1073.45,4293.81,5367.26,1
23,45,1422.49,5689.97,7112.46,1
23,46,1102,4408,5510,1
23,47,847.25,3389,4236.25,1
23,48,532.702,2130.81,2663.51,1
23,49,1412.85,5651.38,7064.23,1
23,50,901.125,3604.5,4505.62,1
23,51,902.783,3611.13,4513.92,1
23,52,1240.07,4960.29,6200.36,1
23,53,820.664,3282.66,4103.32,1
23,54,1286.76,5147.05,6433.81,1
23,55,1074.32,4297.29,5371.61,1
23,56,881.25,3525,4406.25,1
23,57,1556.38,6225.53,7781.91,1
23,58,288.8,1155.2,1444,1
23,59,967.15,3868.6,4835.75,1
24,0,2470.79,9883.16,12353.9,1
24,1,1459.57,5838.29,7297.86,1
24,2,2655.76,10623,13278.8,1
24,3,1083,4332,5415,1
24,4,757.75,3031,3788.75,1
24,5,1931.85,7727.38,9659.23,1
24,6,942.75,3771,4713.75,1
24,7,876.975,3507.9,4384.88,1
24,8,1133.07,4532.29,5665.36,1
24,9,666.5,2666,3332.5,1
24,10,1111.28,4445.1,5556.38,1
24,11,777.6,3110.4,3888,1
24,12,2165.21,8660.86,10826.1,1
24,13,2649.43,10597.7,13247.2,1
24,14,1559.96,6239.86,7799.82,1
24,15,919.879,3679.51,4599.39,1
24,16,2500.75,10003,12503.8,1
24,17,2042.48,8169.93,10212.4,1
24,18,336.617,1346.47,1683.08,1
24,19,1007.45,4029.8,5037.25,1
24,20,2109.12,8436.5,10545.6,1
24,21,685.786,2743.14,3428.93,1
24,22,848.25,3393,4241.25,1
24,23,1786.72,7146.89,8933.61,1
24,25,2443.88,9775.5,12219.4,1
24,26,345.875,1383.5,1729.38,1
24,27,1820.65,7282.62,9103.27,1
24,28,195,780,975,1
24,29,1628.39,6513.55,8141.93,1
24,30,682.679,2730.71,3413.39,1
24,31,919.917,3679.67,4599.58,1
24,32,140.125,560.5,700.625,1
24,33,2273.5,9094,11367.5,1
24,34,715.482,2861.93,3577.41,1
24,35,1288.3,5153.2,6441.5,1
24,36,198.571,794.286,992.857,1
24,37,1233.51,4934.05,6167.56,1
24,38,905.475,3621.9,4527.38,1
24,39,1554.87,6219.49,7774.36,1
24,40,2876.55,11506.2,14382.8,1
24,41,1448.27,5793.07,7241.34,1
24,42,2337.93,9351.71,11689.6,1
24,43,2167.12,8668.5,10835.6,1
24,44,595.714,2382.86,2978.57,1
24,45,1480.64,5922.54,7403.18,1
24,46,962.457,3849.83,4812.29,1
24,47,1846.43,7385.71,9232.14,1
24,48,2038.16,8152.66,10190.8,1
24,49,1368.12,5472.5,6840.62,1
24,50,250.5,1002,1252.5,1
24,51,1379,5516,6895,1
24,52,531,2124,2655,1
24,53,2186.47,8745.9,10932.4,1
24,54,1039.36,4157.45,5196.82,1
24,55,427.929,1711.71,2139.64,1
24,56,1905.71,7622.86,9528.57,1
24,57,1514.57,6058.27,7572.84,1
24,58,1533.55,6134.21,7667.77,1
24,59,502.375,2009.5,2511.88,1
25,0,1566.94,6267.76,7834.7,1
25,2,1554.25,6217,7771.25,1
25,3,853.25,3413,4266.25,1
25,4,646.214,2584.86,3231.07,1
25,5,1427.46,5709.83,7137.29,1
25,6,801.554,3206.21,4007.77,1
25,7,1109.12,4436.49,5545.61,1
25,8,1491.8,5967.2,7459,1
25,9,1326.25,5305,6631.25,1
25,10,614.625,2458.5,3073.12,1
25,11,728,2912,3640,1
25,12,1591.77,6367.07,7958.84,1
25,13,515,2060,2575,1
25,14,1503.59,6014.37,7517.96,1
25,15,660.083,2640.33,3300.42,1
25,16,1182.68,4730.73,5913.42,1
25,18,650.768,2603.07,3253.84,1
25,19,605.75,2423,3028.75,1
25,20,1448.49,5793.98,7242.47,1
25,21,1962.8,7851.2,9814,1
25,22,187.179,748.714,935.893,1
25,23,1086.52,4346.1,5432.62,1
25,24,1716.25,6865,8581.25,1
25,26,799.25,3197,3996.25,1
25,27,1169.11,4676.43,5845.54,1
25,28,1596.35,6385.41,7981.76,1
25,29,2280.32,9121.3,11401.6,1
25,30,1348.58,5394.3,6742.88,1
25,31,1587,6348,7935,1
25,32,87,348,435,1
25,33,429.564,1718.26,2147.82,1
25,34,1048.58,4194.33,5242.92,1
25,35,1015.19,4060.76,5075.95,1
25,36,1126.57,4506.28,5632.85,1
25,37,3182.25,12729,15911.2,1
25,38,409,1636,2045,1
25,39,932.4,3729.6,4662,1
25,40,1636.62,6546.5,8183.12,1
25,41,1478.97,5915.9,7394.88,1
25,42,1354.3,5417.21,6771.52,1
25,43,1781.14,7124.57,8905.71,1
25,44,1221.09,4884.34,6105.43,1
25,45,1035.04,4140.17,5175.21,1
25,46,951,3804,4755,1
25,47,334,1336,1670,1
25,48,1639.52,6558.09,8197.61,1
25,49,1039.09,4156.37,5195.46,1
25,52,1006.75,4027,5033.75,1
25,53,1060.18,4240.73,5300.92,1
25,54,1943.83,7775.33,9719.17,1
25,55,854.429,3417.71,4272.14,1
25,56,483.25,1933,2416.25,1
25,57,1148.87,4595.49,5744.36,1
25,58,576.467,2305.87,2882.33,1
25,59,278.333,1113.33,1391.67,1
26,0,1216.33,4865.33,6081.67,1
26,1,783.643,3134.57,3918.21,1
26,2,1087.06,4348.23,5435.29,1
26,3,573.5,2294,2867.5,1
26,4,199,796,995,1
26,5,680.202,2720.81,3401.01,1
26,6,380.179,1520.71,1900.89,1
26,7,2122.68,8490.73,10613.4,1
26,8,647.5,2590,3237.5,1
26,9,125.583,502.333,627.917,1
26,10,1157.92,4631.67,5789.58,1
26,11,1077.42,4309.67,5387.08,1
26,12,652.5,2610,3262.5,1
26,13,141.857,567.429,709.286,1
26,14,648,2592,3240,1
26,15,399.5,1598,1997.5,1
26,16,3153.82,12615.3,15769.1,1
26,17,151.5,606,757.5,1
26,18,95.25,381,476.25,1
26,19,203.417,813.667,1017.08,1
26,20,467.179,1868.71,2335.89,1
26,21,1868.42,7473.67,9342.08,1
26,22,89.9167,359.667,449.583,1
26,23,598.048,2392.19,2990.24,1
26,24,1536.61,6146.46,7683.07,1
26,25,445.875,1783.5,2229.38,1
26,27,1845.3,7381.19,9226.49,1
26,28,237.917,951.667,1189.58,1
26,29,401.833,1607.33,2009.17,1
26,31,1271.42,5085.67,6357.08,1
26,32,90.0833,360.333,450.417,1
26,33,633.6,2534.4,3168,1
26,34,806.35,3225.4,4031.75,1
26,35,331,1324,1655,1
26,36,527.2,2108.8,2636,1
26,37,1402.38,5609.5,7011.88,1
26,38,738.75,2955,3693.75,1
26,40,162.75,651,813.75,1
26,41,1375.25,5501,6876.25,1
26,42,703.333,2813.33,3516.67,1
26,43,1284.38,5137.5,6421.88,1
26,44,938.6,3754.4,4693,1
26,45,1158.48,4633.91,5792.39,1
26,46,1724.67,6898.67,8623.33,1
26,47,639.875,2559.5,3199.38,1
26,48,1377.92,5511.67,6889.58,1
26,49,757.025,3028.1,3785.12,1
26,50,750.917,3003.67,3754.58,1
26,52,151.2,604.8,756,1
26,53,704.492,2817.97,3522.46,1
26,54,264.25,1057,1321.25,1
26,55,256,1024,1280,1
26,56,254.25,1017,1271.25,1
26,57,1660.28,6641.1,8301.38,1
26,59,480.25,1921,2401.25,1
27,0,1790.22,7160.89,8951.11,1
27,1,2091.09,8364.37,10455.5,1
27,2,2128.38,8513.52,10641.9,1
27,3,261.286,1045.14,1306.43,1
27,4,731.5,2926,3657.5,1
27,5,2286,9144,11430,1
27,6,1286.83,5147.33,6434.17,1
27,7,2588.6,10354.4,12943,1
27,8,895.327,3581.31,4476.64,1
27,9,1290.49,5161.94,6452.43,1
27,10,2364.21,9456.83,11821,1
27,11,1422.95,5691.8,7114.75,1
27,12,912.625,3650.5,4563.12,1
27,13,627.393,2509.57,3136.96,1
27,14,1782.75,7131,8913.75,1
27,15,1298.5,5194,6492.5,1
27,16,2554.93,10219.7,12774.7,1
27,17,3163.96,12655.9,15819.8,1
27,18,897.792,3591.17,4488.96,1
27,19,1524,6096,7620,1
27,20,1548.11,6192.43,7740.54,1
27,21,1421.34,5685.36,7106.7,1
27,22,2512.66,10050.6,12563.3,1
27,23,1412.17,5648.7,7060.88,1
27,24,2918.9,11675.6,14594.5,1
27,25,4067.48,16269.9,20337.4,1
27,26,711.214,2844.86,3556.07,1
27,28,1181.6,4726.4,5908,1
27,29,2788.6,11154.4,13943,1
27,30,1375.21,5500.86,6876.07,1
27,31,2008.55,8034.2,10042.8,1
27,32,845.125,3380.5,4225.62,1
27,33,1969.6,7878.38,9847.98,1
27,34,995.083,3980.33,4975.42,1
27,35,950.69,3802.76,4753.45,1
27,36,999.943,3999.77,4999.71,1
27,37,2422.45,9689.81,12112.3,1
27,38,1472.2,5888.8,7361,1
27,39,3141.1,12564.4,15705.5,1
27,40,2281.83,9127.33,11409.2,1
27,41,986.5,3946,4932.5,1
27,42,1362.55,5450.19,6812.73,1
27,43,3357.23,13428.9,16786.1,1
27,44,369.6,1478.4,1848,1
27,45,1396.15,5584.61,6980.77,1
27,46,2370.36,9481.44,11851.8,1
27,47,1437.87,5751.49,7189.36,1
27,48,1814.68,7258.73,9073.42,1
27,49,2218.63,8874.53,11093.2,1
27,50,1003.72,4014.89,5018.61,1
27,51,652.625,2610.5,3263.12,1
27,52,1274.55,5098.2,6372.75,1
27,53,1503.74,6014.95,7518.69,1
27,54,792.157,3168.63,3960.79,1
27,55,787.35,3149.4,3936.75,1
27,57,4052.04,16208.2,20260.2,1
27,58,2027.94,8111.77,10139.7,1
27,59,3273.16,13092.6,16365.8,1
28,0,1078.55,4314.2,5392.75,1
28,1,1433.04,5732.14,7165.18,1
28,2,271.35,1085.4,1356.75,1
28,3,530.25,2121,2651.25,1
28,4,741.55,2966.2,3707.75,1
28,5,892.667,3570.67,4463.33,1
28,7,1716.42,6865.67,8582.08,1
28,8,1003.4,4013.62,5017.02,1
28,9,151.143,604.571,755.714,1
28,10,163.179,652.714,815.893,1
28,11,911.75,3647,4558.75,1
28,12,466.25,1865,2331.25,1
28,13,614.75,2459,3073.75,1
28,14,903.767,3615.07,4518.83,1
28,15,172.333,689.333,861.667,1
28,16,2643.05,10572.2,13215.3,1
28,17,2018.98,8075.93,10094.9,1
28,18,256.7,1026.8,1283.5,1
28,19,1169.57,4678.29,5847.86,1
28,20,737.75,2951,3688.75,1
28,21,4098.65,16394.6,20493.2,1
28,22,876.833,3507.33,4384.17,1
28,23,1458.33,5833.31,7291.64,1
28,24,248.375,993.5,1241.88,1
28,25,547.643,2190.57,2738.21,1
28,26,1920.1,7680.4,9600.5,1
28,27,375.125,1500.5,1875.62,1
28,29,2082.72,8330.89,10413.6,1
28,30,1500.36,6001.43,7501.79,1
28,31,417.345,1669.38,2086.73,1
28,32,283.821,1135.29,1419.11,1
28,33,1366.65,5466.6,6833.25,1
28,35,496.5,1986,2482.5,1
28,36,691.675,2766.7,3458.38,1
28,37,1861.45,7445.81,9307.27,1
28,38,286.25,1145,1431.25,1
28,39,309.5,1238,1547.5,1
28,40,347,1388,1735,1
28,41,736.617,2946.47,3683.08,1
28,42,644.536,2578.14,3222.68,1
28,43,1146,4584,5730,1
28,44,1074.62,4298.5,5373.12,1
28,45,530.75,2123,2653.75,1
28,46,1684.62,6738.5,8423.12,1
28,47,373.3,1493.2,1866.5,1
28,48,1376.1,5504.4,6880.51,1
28,49,144.583,578.333,722.917,1
28,51,2055.25,8221,10276.2,1
28,52,521.15,2084.6,2605.75,1
28,53,912.036,3648.14,4560.18,1
28,54,1103.98,4415.93,5519.91,1
28,55,429.25,1717,2146.25,1
28,57,2296.21,9184.83,11481,1
28,58,867.952,3471.81,4339.76,1
28,59,866.3,3465.2,4331.5,1
29,0,1854.95,7419.8,9274.75,1
29,1,1603.78,6415.13,8018.92,1
29,2,990.25,3961,4951.25,1
29,3,1465.47,5861.87,7327.33,1
29,4,1036.72,4146.87,5183.58,1
29,5,521.417,2085.67,2607.08,1
29,6,801.607,3206.43,4008.04,1
29,7,2389.04,9556.14,11945.2,1
29,8,607.8,2431.2,3039,1
29,9,1723.25,6893,8616.25,1
29,10,247.929,991.714,1239.64,1
29,11,1894.45,7577.79,9472.23,1
29,12,1735.5,6942,8677.5,1
29,13,1859.35,7437.4,9296.75,1
29,14,1866.7,7466.8,9333.5,1
29,15,1638.68,6554.71,8193.39,1
29,16,2205.99,8823.97,11030,1
29,17,424.407,1697.63,2122.04,1
29,18,950.571,3802.29,4752.86,1
29,19,1330.38,5321.5,6651.88,1
29,20,399.125,1596.5,1995.62,1
29,21,1133.22,4532.88,5666.1,1
29,22,1272.47,5089.87,6362.33,1
29,23,1562.15,6248.6,7810.75,1
29,24,3308.07,13232.3,16540.4,1
29,25,575.75,2303,2878.75,1
29,26,1148.75,4595,5743.75,1
29,27,2403.09,9612.34,12015.4,1
29,28,589.5,2358,2947.5,1
29,30,1570.9,6283.6,7854.5,1
29,31,1081.92,4327.67,5409.58,1
29,32,723.95,2895.8,3619.75,1
29,33,402.15,1608.6,2010.75,1
29,34,1998,7992,9990,1
29,35,241.2,964.8,1206,1
29,36,1282.3,5129.2,6411.5,1
29,37,2442.64,9770.57,12213.2,1
29,39,1453.96,5815.86,7269.82,1
29,40,881.75,3527,4408.75,1
29,41,981.75,3927,4908.75,1
29,42,2683.05,10732.2,13415.2,1
29,43,1947.8,7791.21,9739.02,1
29,44,2133.5,8534,10667.5,1
29,45,1938.81,7755.24,9694.05,1
29,46,2957.67,11830.7,14788.3,1
29,47,373.225,1492.9,1866.12,1
29,48,1553.65,6214.6,7768.25,1
29,49,1120.94,4483.77,5604.71,1
29,50,558.429,2233.71,2792.14,1
29,51,1367.58,5470.3,6837.88,1
29,52,741.4,2965.6,3707,1
29,53,3381.59,13526.4,16908,1
29,54,1057.45,4229.8,5287.25,1
29,55,426.375,1705.5,2131.88,1
29,56,2058.18,8232.71,10290.9,1
29,57,1355.17,5420.68,6775.85,1
29,58,959.25,3837,4796.25,1
29,59,743.857,2975.43,3719.29,1
30,0,1301.38,5205.5,6506.88,1
30,1,2384.7,9538.78,11923.5,1
30,2,793.564,3174.26,3967.82,1
30,3,842.75,3371,4213.75,1
30,4,439.5,1758,2197.5,1
30,5,2766.28,11065.1,13831.4,1
30,6,2093.74,8374.97,10468.7,1
30,7,2784.86,11139.4,13924.3,1
30,8,672.25,2689,3361.25,1
30,10,1027.5,4110,5137.5,1
30,11,444,1776,2220,1
30,12,2760.82,11043.3,13804.1,1
30,13,655.475,2621.9,3277.37,1
30,14,2274.86,9099.43,11374.3,1
30,15,862.75,3451,4313.75,1
30,16,1915.75,7663,9578.75,1
30,17,650.025,2600.1,3250.12,1
30,20,1589.73,6358.93,7948.67,1
30,21,472.833,1891.33,2364.17,1
30,22,1848.38,7393.5,9241.88,1
30,23,1183.34,4733.37,5916.71,1
30,24,2421,9684.02,12105,1
30,25,1744.62,6978.48,8723.1,1
30,26,586.339,2345.36,2931.7,1
30,27,2446.85,9787.39,12234.2,1
30,28,292.75,1171,1463.75,1
30,29,4107.57,16430.3,20537.9,1
30,31,946.75,3787,4733.75,1
30,32,941.5,3766,4707.5,1
30,33,1549.6,6198.4,7748,1
30,34,1090.4,4361.6,5451.99,1
30,35,729.25,2917,3646.25,1
30,36,853.2,3412.8,4266,1
30,37,816.55,3266.2,4082.75,1
30,38,1835.65,7342.6,9178.25,1
30,39,2193.25,8773,10966.2,1
30,40,2691.05,10764.2,13455.2,1
30,41,1804.44,7217.77,9022.21,1
30,42,1712.16,6848.63,8560.79,1
30,43,785,3140,3925,1
30,44,2768.48,11073.9,13842.4,1
30,45,1990.39,7961.57,9951.96,1
30,46,2264.84,9059.34,11324.2,1
30,47,1345.99,5383.97,6729.96,1
30,48,1074.75,4299,5373.75,1
30,49,1318.71,5274.86,6593.57,1
30,50,1777.45,7109.8,8887.25,1
30,51,1630.8,6523.2,8154,1
30,52,971.75,3887,4858.75,1
30,53,1983.31,7933.25,9916.56,1
30,54,542.325,2169.3,2711.62,1
30,55,864.714,3458.86,4323.57,1
30,56,1065.44,4261.74,5327.18,1
30,57,1592.69,6370.76,7963.45,1
30,58,1375.58,5502.33,6877.91,1
30,59,901.7,3606.8,4508.5,1
31,0,524.65,2098.6,2623.25,1
31,1,1205.76,4823.02,6028.78,1
31,2,772.107,3088.43,3860.54,1
31,3,1519.66,6078.64,7598.3,1
31,4,750.25,3001,3751.25,1
31,5,635.179,2540.71,3175.89,1
31,6,808.5,3234,4042.5,1
31,7,1164.7,4658.8,5823.5,1
31,8,391.05,1564.2,1955.25,1
31,10,273.143,1092.57,1365.71,1
31,11,1288.7,5154.8,6443.5,1
31,12,1703.97,6815.89,8519.86,1
31,13,956.75,3827,4783.75,1
31,14,1007.82,4031.29,5039.11,1
31,15,607.875,2431.5,3039.38,1
31,16,281.714,1126.86,1408.57,1
31,17,1398.72,5594.87,6993.58,1
31,18,730.1,2920.4,3650.5,1
31,19,1010.5,4042,5052.5,1
31,22,276.1,1104.4,1380.5,1
31,23,690.814,2763.26,3454.07,1
31,24,1806.19,7224.76,9030.95,1
31,26,174.8,699.2,874,1
31,27,556.607,2226.43,2783.04,1
31,28,1407.05,5628.2,7035.25,1
31,29,984.405,3937.62,4922.02,1
31,30,1431.18,5724.71,7155.89,1
31,32,130.5,522,652.5,1
31,33,1592.75,6371,7963.75,1
31,34,490.5,1962,2452.5,1
31,35,872.714,3490.86,4363.57,1
31,36,225.5,902,1127.5,1
31,37,1020.21,4080.83,5101.04,1
31,38,863.5,3454,4317.5,1
31,39,430.964,1723.86,2154.82,1
31,40,719.125,2876.5,3595.62,1
31,41,676.875,2707.5,3384.38,1
31,42,1869.46,7477.85,9347.31,1
31,43,588.292,2353.17,2941.46,1
31,44,460.85,1843.4,2304.25,1
31,45,1064.07,4256.29,5320.36,1
31,46,1113.71,4454.83,5568.54,1
31,47,182.833,731.333,914.167,1
31,48,385.667,1542.67,1928.33,1
31,49,726.65,2906.6,3633.25,1
31,50,784.3,3137.2,3921.5,1
31,51,158.083,632.333,790.417,1
31,52,159.9,639.6,799.5,1
31,53,1762.75,7051,8813.75,1
31,54,2290.72,9162.87,11453.6,1
31,55,1538.1,6152.4,7690.5,1
31,56,265.6,1062.4,1328,1
31,57,728.667,2914.67,3643.33,1
31,58,244.7,978.8,1223.5,1
31,59,621.5,2486,3107.5,1
32,0,366.5,1466,1832.5,1
32,1,178.8,715.2,894,1
32,2,944.6,3778.4,4723,1
32,3,137.7,550.8,688.5,1
32,4,215.5,862,1077.5,1
32,6,511.083,2044.33,2555.42,1
32,8,605.5,2422,3027.5,1
32,9,307.167,1228.67,1535.83,1
32,10,734.929,2939.71,3674.64,1
32,11,253.95,1015.8,1269.75,1
32,12,648.625,2594.5,3243.12,1
32,13,176.3,705.2,881.5,1
32,14,2054.43,8217.73,10272.2,1
32,15,359.25,1437,1796.25,1
32,16,1441.12,5764.5,7205.62,1
32,17,827.825,3311.3,4139.12,1
32,18,833.348,3333.39,4166.74,1
32,19,687.25,2749,3436.25,1
32,20,400.2,1600.8,2001,1
32,21,954,3816,4770,1
32,22,106.917,427.667,534.583,1
32,23,588.583,2354.33,2942.92,1
32,24,1296.55,5186.2,6482.75,1
32,25,484.5,1938,2422.5,1
32,26,314.25,1257,1571.25,1
32,27,1182.88,4731.5,5914.38,1
32,28,1200.29,4801.14,6001.43,1
32,31,226.667,906.667,1133.33,1
32,35,609.25,2437,3046.25,1
32,36,375.5,1502,1877.5,1
32,37,591.833,2367.33,2959.17,1
32,38,438.774,1755.1,2193.87,1
32,39,1780.21,7120.83,8901.04,1
32,40,359.85,1439.4,1799.25,1
32,41,880.417,3521.67,4402.08,1
32,42,1541.72,6166.88,7708.6,1
32,43,308.375,1233.5,1541.88,1
32,44,734.75,2939,3673.75,1
32,45,919.44,3677.76,4597.2,1
32,46,359.65,1438.6,1798.25,1
32,47,219.9,879.6,1099.5,1
32,48,947.343,3789.37,4736.71,1
32,49,1387.71,5550.86,6938.57,1
32,50,584,2336,2920,1
32,51,292.667,1170.67,1463.33,1
32,53,284.5,1138,1422.5,1
32,54,1009.25,4037,5046.25,1
32,55,707.286,2829.14,3536.43,1
32,56,211.4,845.6,1057,1
32,57,891,3564,4455,1
32,58,339.167,1356.67,1695.83,1
33,0,620.804,2483.21,3104.02,1
33,1,915.5,3662,4577.5,1
33,2,222,888,1110,1
33,3,2424.56,9698.24,12122.8,1
33,4,664.679,2658.71,3323.39,1
33,6,1047.5,4190,5237.5,1
33,7,1064.17,4256.67,5320.83,1
33,9,283.5,1134,1417.5,1
33,11,604,2416,3020,1
33,12,228.625,914.5,1143.12,1
33,14,388.2,1552.8,1941,1
33,15,472.929,1891.71,2364.64,1
33,16,1710.73,6842.93,8553.66,1
33,17,1959.53,7838.13,9797.67,1
33,18,217.25,869,1086.25,1
33,19,1080.25,4321,5401.25,1
33,20,651.725,2606.9,3258.62,1
33,21,1071.71,4286.84,5358.55,1
33,22,375.9,1503.6,1879.5,1
33,23,996.429,3985.71,4982.14,1
33,24,1541.91,6167.63,7709.54,1
33,25,616.5,2466,3082.5,1
33,26,407.458,1629.83,2037.29,1
33,27,1751.5,7006,8757.5,1
33,28,723.911,2895.64,3619.55,1
33,29,1525.48,6101.91,7627.39,1
33,30,845.929,3383.71,4229.64,1
33,31,1239.92,4959.67,6199.58,1
33,32,1053.17,4212.67,5265.83,1
33,34,185.167,740.667,925.833,1
33,35,604.036,2416.14,3020.18,1
33,36,1692.25,6769,8461.25,1
33,37,894.417,3577.67,4472.08,1
33,39,2026.85,8107.4,10134.2,1
33,40,1218.39,4873.57,6091.96,1
33,41,704.75,2819,3523.75,1
33,42,793.018,3172.07,3965.09,1
33,43,1392.25,5569,6961.25,1
33,44,1880.8,7523.2,9404,1
33,45,1016.5,4066,5082.5,1
33,46,1670.2,6680.81,8351.01,1
33,47,545.25,2181,2726.25,1
33,48,246.167,984.667,1230.83,1
33,49,117.5,470,587.5,1
33,52,205.7,822.8,1028.5,1
33,53,1540.08,6160.3,7700.38,1
33,54,698.833,2795.33,3494.17,1
33,55,285.571,1142.29,1427.86,1
33,56,227.667,910.667,1138.33,1
33,57,1055.42,4221.67,5277.08,1
33,58,367.75,1471,1838.75,1
33,59,682.75,2731,3413.75,1
34,0,210,840,1050,1
34,1,185.25,741,926.25,1
34,3,384.333,1537.33,1921.67,1
34,4,766.125,3064.5,3830.62,1
34,5,875.786,3503.14,4378.93,1
34,6,329.75,1319,1648.75,1
34,7,701.55,2806.2,3507.75,1
34,8,444.971,1779.89,2224.86,1
34,9,519,2076,2595,1
34,10,249.3,997.2,1246.5,1
34,11,243.75,975,1218.75,1
34,12,448.067,1792.27,2240.33,1
34,14,1833.07,7332.29,9165.36,1
34,15,400.6,1602.4,2003,1
34,16,2120.05,8480.21,10600.3,1
34,17,236.571,946.286,1182.86,1
34,18,86.3333,345.333,431.667,1
34,20,782.75,3131,3913.75,1
34,21,1008.64,4034.57,5043.21,1
34,22,407.25,1629,2036.25,1
34,23,1008.5,4034,5042.5,1
34,24,997.72,3990.88,4988.6,1
34,28,709.25,2837,3546.25,1
34,29,1290.36,5161.43,6451.79,1
34,30,118.714,474.857,593.571,1
34,31,205.375,821.5,1026.88,1
34,35,684.75,2739,3423.75,1
34,37,1346.95,5387.8,6734.75,1
34,38,112.25,449,561.25,1
34,39,1466.18,5864.71,7330.89,1
34,40,390.625,1562.5,1953.12,1
34,41,1252.75,5011,6263.75,1
34,42,489.607,1958.43,2448.04,1
34,43,726.75,2907,3633.75,1
34,44,331.286,1325.14,1656.43,1
34,45,1676.79,6707.17,8383.96,1
34,46,483.018,1932.07,2415.09,1
34,47,254.1,1016.4,1270.5,1
34,48,1307.08,5228.33,6535.42,1
34,49,891.75,3567,4458.75,1
34,53,328.875,1315.5,1644.38,1
34,54,1539.99,6159.97,7699.96,1
34,56,124.5,498,622.5,1
34,57,647.5,2590,3237.5,1
34,58,1518.4,6073.62,7592.02,1
35,0,307.2,1228.8,1536,1
35,1,757.3,3029.2,3786.5,1
35,2,343.625,1374.5,1718.12,1
35,3,815,3260,4075,1
35,4,1056.55,4226.2,5282.75,1
35,5,627.211,2508.84,3136.05,1
35,6,418.5,1674,2092.5,1
35,7,241.857,967.429,1209.29,1
35,9,491.5,1966,2457.5,1
35,10,472.575,1890.3,2362.88,1
35,11,904.286,3617.14,4521.43,1
35,12,573.5,2294,2867.5,1
35,13,468.55,1874.2,2342.75,1
35,14,1057.16,4228.64,5285.8,1
35,15,508.05,2032.2,2540.25,1
35,16,1738.57,6954.29,8692.86,1
35,17,376.5,1506,1882.5,1
35,19,331,1324,1655,1
35,20,1637.93,6551.71,8189.64,1
35,21,308.4,1233.6,1542,1
35,22,917.375,3669.5,4586.88,1
35,23,337.845,1351.38,1689.23,1
35,24,520.043,2080.17,2600.21,1
35,25,397.238,1588.95,1986.19,1
35,26,220.071,880.286,1100.36,1
35,27,1754.17,7016.7,8770.88,1
35,28,931.95,3727.8,4659.75,1
35,29,1314.26,5257.04,6571.3,1
35,30,458.167,1832.67,2290.83,1
35,31,993.55,3974.2,4967.75,1
35,32,140.125,560.5,700.625,1
35,33,183.1,732.4,915.5,1
35,34,1199.25,4797,5996.25,1
35,36,124.833,499.333,624.167,1
35,37,1435.73,5742.93,7178.67,1
35,38,1026.12,4104.5,5130.62,1
35,39,621.452,2485.81,3107.26,1
35,40,1798.53,7194.13,8992.67,1
35,41,599.75,2399,2998.75,1
35,42,340.2,1360.8,1701,1
35,43,401.911,1607.64,2009.55,1
35,44,2641.46,10565.9,13207.3,1
35,45,775.075,3100.3,3875.38,1
35,46,1796.07,7184.29,8980.36,1
35,47,310.5,1242,1552.5,1
35,48,1097.55,4390.2,5487.75,1
35,49,467.875,1871.5,2339.38,1
35,50,1134.67,4538.7,5673.38,1
35,51,2445.75,9783,12228.8,1
35,52,610.839,2443.36,3054.2,1
35,53,2296.17,9184.67,11480.8,1
35,54,156.7,626.8,783.5,1
35,57,782.625,3130.5,3913.12,1
35,59,798.65,3194.6,3993.25,1
36,0,293.786,1175.14,1468.93,1
36,1,1045.32,4181.29,5226.61,1
36,2,690.893,2763.57,3454.46,1
36,4,821.5,3286,4107.5,1
36,5,1276.38,5105.5,6381.88,1
36,6,1486.45,5945.8,7432.25,1
36,7,141.2,564.8,706,1
36,8,885.5,3542,4427.5,1
36,9,1952.09,7808.34,9760.43,1
36,10,854.679,3418.71,4273.39,1
36,11,1346.88,5387.5,6734.38,1
36,13,1356.35,5425.38,6781.73,1
36,14,3112.09,12448.4,15560.4,1
36,15,933.971,3735.89,4669.86,1
36,16,2692.7,10770.8,13463.5,1
36,17,678.536,2714.14,3392.68,1
36,18,674.107,2696.43,3370.54,1
36,19,409.429,1637.71,2047.14,1
36,20,882.167,3528.67,4410.83,1
36,21,570.214,2280.86,2851.07,1
36,22,645.119,2580.48,3225.6,1
36,23,848.179,3392.71,4240.89,1
36,24,1191.42,4765.67,5957.08,1
36,25,717.25,2869,3586.25,1
36,26,861.625,3446.5,4308.12,1
36,27,1520.5,6082,7602.5,1
36,28,890.221,3560.89,4451.11,1
36,29,1500.85,6003.4,7504.26,1
36,30,2556.91,10227.6,12784.6,1
36,32,696.043,2784.17,3480.21,1
36,33,285.571,1142.29,1427.86,1
36,34,304.571,1218.29,1522.86,1
36,35,257,1028,1285,1
36,37,1665.55,6662.2,8327.75,1
36,38,406.757,1627.03,2033.79,1
36,39,542.85,2171.4,2714.25,1
36,40,1652.45,6609.81,8262.26,1
36,41,1090.49,4361.95,5452.44,1
36,42,1026.2,4104.8,5131,1
36,43,397.708,1590.83,1988.54,1
36,44,1272.78,5091.1,6363.88,1
36,45,1916.89,7667.54,9584.43,1
36,46,2612.91,10451.6,13064.6,1
36,47,745.5,2982,3727.5,1
36,48,1031.12,4124.5,5155.62,1
36,49,623.25,2493,3116.25,1
36,50,1224.83,4899.33,6124.17,1
36,51,289.25,1157,1446.25,1
36,52,502,2008,2510,1
36,53,2911.29,11645.1,14556.4,1
36,54,267.571,1070.29,1337.86,1
36,55,406.905,1627.62,2034.52,1
36,56,185.4,741.6,927,1
36,57,1087.87,4351.47,5439.33,1
36,59,767.375,3069.5,3836.88,1
37,0,439.65,1758.6,2198.25,1
37,1,1190.2,4760.8,5951,1
37,2,2283.56,9134.26,11417.8,1
37,3,761.225,3044.9,3806.12,1
37,5,1107.88,4431.5,5539.38,1
37,6,1882,7528,9410,1
37,7,1140.53,4562.13,5702.67,1
37,8,726.4,2905.6,3632,1
37,9,1106.29,4425.16,5531.45,1
37,10,1267.29,5069.17,6336.46,1
37,11,1399.32,5597.29,6996.61,1
37,12,1212.88,4851.53,6064.42,1
37,13,2130.8,8523.2,10654,1
37,14,2134.59,8538.36,10672.9,1
37,15,851.357,3405.43,4256.79,1
37,16,1087.05,4348.2,5435.25,1
37,17,1225.77,4903.07,6128.84,1
37,18,600.75,2403,3003.75,1
37,19,1301.88,5207.5,6509.38,1
37,20,865.9,3463.6,4329.5,1
37,21,1827.66,7310.64,9138.3,1
37,22,414.15,1656.6,2070.75,1
37,23,155.357,621.429,776.786,1
37,24,494.036,1976.14,2470.18,1
37,25,2326.33,9305.33,11631.7,1
37,26,428.85,1715.4,2144.25,1
37,27,2351.5,9406,11757.5,1
37,28,239.333,957.333,1196.67,1
37,29,879.25,3517,4396.25,1
37,30,1163.78,4655.11,5818.89,1
37,31,1507.05,6028.2,7535.25,1
37,32,602.05,2408.2,3010.25,1
37,33,528.5,2114,2642.5,1
37,34,130,520,650,1
37,35,603.643,2414.57,3018.21,1
37,36,727.071,2908.29,3635.36,1
37,38,503.725,2014.9,2518.62,1
37,39,2222.28,8889.11,11111.4,1
37,40,680,2720,3400,1
37,41,2937.36,11749.4,14686.8,1
37,42,2020.29,8081.17,10101.5,1
37,43,2181.01,8724.03,10905,1
37,44,3856.01,15424,19280,1
37,45,2483.09,9932.36,12415.4,1
37,46,3429.02,13716.1,17145.1,1
37,47,1069.5,4278,5347.5,1
37,48,1156.12,4624.48,5780.6,1
37,49,968.043,3872.17,4840.21,1
37,50,1151.77,4607.1,5758.87,1
37,51,1067.61,4270.43,5338.04,1
37,52,939.107,3756.43,4695.54,1
37,53,380.7,1522.8,1903.5,1
37,54,657.5,2630,3287.5,1
37,55,1162.28,4649.1,5811.38,1
37,56,690.75,2763,3453.75,1
37,57,144.857,579.429,724.286,1
37,58,433.2,1732.8,2166,1
37,59,394.821,1579.29,1974.11,1
38,0,154.75,619,773.75,1
38,1,1418.75,5675,7093.75,1
38,2,1082.14,4328.57,5410.71,1
38,5,164.083,656.333,820.417,1
38,7,118.5,474,592.5,1
38,8,722.893,2891.57,3614.46,1
38,11,657,2628,3285,1
38,12,868.25,3473,4341.25,1
38,13,462.5,1850,2312.5,1
38,14,747.036,2988.14,3735.18,1
38,15,507.75,2031,2538.75,1
38,16,268.25,1073,1341.25,1
38,17,1469.23,5876.9,7346.13,1
38,19,355.75,1423,1778.75,1
38,24,266.75,1067,1333.75,1
38,25,565.75,2263,2828.75,1
38,26,767.929,3071.71,3839.64,1
38,27,1315.61,5262.43,6578.04,1
38,28,581,2324,2905,1
38,29,670.083,2680.33,3350.42,1
38,30,2176.95,8707.8,10884.8,1
38,31,594.583,2378.33,2972.92,1
38,33,257.25,1029,1286.25,1
38,34,510,2040,2550,1
38,36,214.333,857.333,1071.67,1
38,39,753,3012,3765,1
38,40,328.167,1312.67,1640.83,1
38,41,1535.55,6142.2,7677.75,1
38,42,500.5,2002,2502.5,1
38,44,592.357,2369.43,2961.79,1
38,45,2326.29,9305.14,11631.4,1
38,47,610.75,2443,3053.75,1
38,48,162.857,651.429,814.286,1
38,49,1276.92,5107.67,6384.58,1
38,51,451.25,1805,2256.25,1
38,52,664.75,2659,3323.75,1
38,53,1494.5,5978,7472.5,1
38,54,587.25,2349,2936.25,1
38,55,107.167,428.667,535.833,1
38,56,569.25,2277,2846.25,1
38,57,546.25,2185,2731.25,1
38,59,749.75,2999,3748.75,1
39,0,897.5,3590,4487.5,1
39,1,2261.33,9045.33,11306.7,1
39,2,2726.72,10906.9,13633.6,1
39,3,2016.15,8064.61,10080.8,1
39,4,1167.5,4670,5837.5,1
39,5,1815.38,7261.5,9076.88,1
39,6,1074.88,4299.5,5374.38,1
39,7,2387.44,9549.77,11937.2,1
39,8,1878.31,7513.24,9391.55,1
39,9,1763.9,7055.6,8819.5,1
39,10,2535.73,10142.9,12678.6,1
39,11,2407.46,9629.85,12037.3,1
39,12,578,2312,2890,1
39,13,1637.21,6548.86,8186.07,1
39,14,2483.54,9934.14,12417.7,1
39,16,1247.55,4990.2,6237.75,1
39,17,390.75,1563,1953.75,1
39,18,1261.25,5045,6306.25,1
39,19,267.125,1068.5,1335.62,1
39,20,121.286,485.143,606.429,1
39,21,2390.51,9562.05,11952.6,1
39,22,1443.62,5774.5,7218.12,1
39,23,2049.74,8198.94,10248.7,1
39,24,3351.85,13407.4,16759.3,1
39,25,1860.96,7443.86,9304.82,1
39,26,2038.15,8152.6,10190.8,1
39,27,1963.04,7852.17,9815.21,1
39,28,1487.68,5950.71,7438.39,1
39,29,1234.04,4936.17,6170.21,1
39,30,1189.64,4758.57,5948.21,1
39,31,871.417,3485.67,4357.08,1
39,32,1352.85,5411.4,6764.25,1
39,33,1472.33,5889.33,7361.67,1
39,34,499.75,1999,2498.75,1
39,35,895.358,3581.43,4476.79,1
39,36,2645.86,10583.4,13229.3,1
39,37,1658.34,6633.36,8291.7,1
39,38,1026.5,4106,5132.5,1
39,40,1128,4512,5640,1
39,41,2584.69,10338.8,12923.4,1
39,42,2587.27,10349.1,12936.3,1
39,43,1074.3,4297.21,5371.52,1
39,44,2296.36,9185.43,11481.8,1
39,45,2944.29,11777.2,14721.5,1
39,46,2464.01,9856.06,12320.1,1
39,47,3092.02,12368.1,15460.1,1
39,48,962.05,3848.2,4810.25,1
39,49,1484.32,5937.27,7421.58,1
39,50,2321.55,9286.2,11607.8,1
39,51,950.75,3803,4753.75,1
39,52,2186.74,8746.94,10933.7,1
39,53,1310.7,5242.79,6553.48,1
39,54,132.1,528.4,660.5,1
39,55,992.75,3971,4963.75,1
39,56,1641.62,6566.5,8208.12,1
39,57,1084.44,4337.76,5422.2,1
39,58,1544.92,6179.67,7724.58,1
39,59,1419.5,5678,7097.5,1
40,0,1042.04,4168.14,5210.18,1
40,1,912.55,3650.2,4562.75,1
40,2,1705.29,6821.17,8526.46,1
40,3,1691.58,6766.33,8457.92,1
40,4,775,3100,3875,1
40,5,1334.78,5339.12,6673.9,1
40,6,515.667,2062.67,2578.33,1
40,7,1114.93,4459.71,5574.64,1
40,8,627.7,2510.8,3138.5,1
40,9,1371.29,5485.14,6856.43,1
40,10,1050.55,4202.2,5252.75,1
40,11,529.821,2119.29,2649.11,1
40,12,2867.41,11469.6,14337.1,1
40,13,2133.68,8534.72,10668.4,1
40,14,1678.2,6712.79,8390.98,1
40,16,1159.93,4639.71,5799.64,1
40,17,2136.62,8546.5,10683.1,1
40,18,861.625,3446.5,4308.12,1
40,19,144.75,579,723.75,1
40,20,599.815,2399.26,2999.08,1
40,21,1266.75,5067,6333.74,1
40,22,353.56,1414.24,1767.8,1
40,23,2028.62,8114.5,10143.1,1
40,24,1852.29,7409.17,9261.46,1
40,25,712.45,2849.8,3562.25,1
40,26,1275.86,5103.46,6379.32,1
40,27,2749,10996,13745,1
40,28,1325.3,5301.2,6626.5,1
40,29,2137.05,8548.21,10685.3,1
40,30,3048.1,12192.4,15240.5,1
40,31,441.5,1766,2207.5,1
40,32,170,680,850,1
40,33,863.798,3455.19,4318.99,1
40,34,903.375,3613.5,4516.88,1
40,35,699.5,2798,3497.5,1
40,36,2190.96,8763.83,10954.8,1
40,37,1082.87,4331.49,5414.36,1
40,38,163.125,652.5,815.625,1
40,39,1232.27,4929.07,6161.33,1
40,41,2571,10284,12855,1
40,42,2986.33,11945.3,14931.6,1
40,43,310.5,1242,1552.5,1
40,44,846.2,3384.8,4231,1
40,45,1190.45,4761.81,5952.27,1
40,46,2600.8,10403.2,13004,1
40,47,1571,6284,7855,1
40,48,1883.52,7534.07,9417.59,1
40,49,1725.38,6901.5,8626.88,1
40,50,615.696,2462.79,3078.48,1
40,51,968.429,3873.71,4842.14,1
40,52,1585.92,6343.7,7929.62,1
40,53,965.033,3860.13,4825.17,1
40,54,1374.43,5497.73,6872.17,1
40,55,1441.75,5767,7208.75,1
40,56,994.375,3977.5,4971.88,1
40,57,745.193,2980.77,3725.96,1
40,58,1163.75,4655,5818.75,1
40,59,484.5,1938,2422.5,1
41,0,1641.57,6566.29,8207.86,1
41,1,689.583,2758.33,3447.92,1
41,2,1697,6788,8485,1
41,3,1085.03,4340.1,5425.12,1
41,4,1762.75,7051,8813.75,1
41,5,1169.54,4678.14,5847.68,1
41,6,2309.75,9239,11548.8,1
41,7,2925.28,11701.1,14626.4,1
41,8,1759.72,7038.9,8798.62,1
41,9,1852.47,7409.9,9262.38,1
41,10,870.25,3481,4351.25,1
41,11,577.367,2309.47,2886.83,1
41,12,520.571,2082.29,2602.86,1
41,13,2734.19,10936.7,13670.9,1
41,14,985.5,3942,4927.5,1
41,15,1870.88,7483.5,9354.38,1
41,16,3262.03,13048.1,16310.1,1
41,17,1886.69,7546.76,9433.45,1
41,18,759.517,3038.07,3797.58,1
41,20,2529.61,10118.4,12648,1
41,21,1979.77,7919.07,9898.84,1
41,22,687.75,2751,3438.75,1
41,23,1084.35,4337.4,5421.75,1
41,24,3440.56,13762.2,17202.8,1
41,25,1846.73,7386.92,9233.65,1
41,26,1810.5,7242,9052.5,1
41,27,1866.17,7464.67,9330.83,1
41,28,293.125,1172.5,1465.62,1
41,29,2160.43,8641.71,10802.1,1
41,30,3575.88,14303.5,17879.4,1
41,32,1303.38,5213.53,6516.92,1
41,33,1725.89,6903.55,8629.44,1
41,34,504.55,2018.2,2522.75,1
41,35,1452.93,5811.71,7264.64,1
41,36,1670.08,6680.3,8350.38,1
41,37,1038.42,4153.69,5192.11,1
41,38,894.4,3577.6,4472,1
41,39,3452.65,13810.6,17263.3,1
41,40,545.6,2182.4,2728,1
41,42,1316.64,5266.57,6583.21,1
41,43,385.75,1543,1928.75,1
41,44,513.232,2052.93,2566.16,1
41,45,833.875,3335.5,4169.38,1
41,46,2320.35,9281.41,11601.8,1
41,47,191.75,767,958.75,1
41,48,1366.23,5464.93,6831.16,1
41,49,3029.51,12118,15147.5,1
41,50,1904.39,7617.57,9521.96,1
41,51,833.357,3333.43,4166.79,1
41,52,1140.88,4563.5,5704.38,1
41,53,2222.23,8888.9,11111.1,1
41,54,647.517,2590.07,3237.58,1
41,55,253.875,1015.5,1269.38,1
41,56,413.4,1653.6,2067,1
41,57,4034.44,16137.8,20172.2,1
41,58,1834.09,7336.34,9170.43,1
41,59,725.375,2901.5,3626.88,1
42,0,1782.44,7129.76,8912.2,1
42,1,1327.8,5311.21,6639.02,1
42,2,1292.54,5170.17,6462.71,1
42,3,1020.07,4080.29,5100.36,1
42,4,798.75,3195,3993.75,1
42,5,1018.66,4074.66,5093.32,1
42,6,1392.75,5571,6963.75,1
42,7,1270.79,5083.14,6353.93,1
42,8,674,2696,3370,1
42,10,2041.48,8165.93,10207.4,1
42,11,2882.45,11529.8,14412.2,1
42,12,125.143,500.571,625.714,1
42,13,759.667,3038.67,3798.33,1
42,14,2428.3,9713.2,12141.5,1
42,15,1200.23,4800.9,6001.13,1
42,16,751.018,3004.07,3755.09,1
42,17,1070.99,4283.94,5354.93,1
42,18,1508.15,6032.61,7540.77,1
42,19,591.15,2364.6,2955.75,1
42,20,3564.83,14259.3,17824.1,1
42,21,445.975,1783.9,2229.88,1
42,22,91.5833,366.333,457.917,1
42,23,1983.3,7933.2,9916.5,1
42,24,438.75,1755,2193.75,1
42,25,1593.89,6375.57,7969.46,1
42,26,1332.05,5328.2,6660.25,1
42,27,1165.21,4660.83,5826.04,1
42,28,617.933,2471.73,3089.67,1
42,29,1214.04,4856.17,6070.21,1
42,30,483,1932,2415,1
42,31,391.5,1566,1957.5,1
42,33,741.45,2965.8,3707.25,1
42,34,546.833,2187.33,2734.17,1
42,35,318.75,1275,1593.75,1
42,36,1668.05,6672.2,8340.25,1
42,37,1207.24,4828.97,6036.21,1
42,38,257.464,1029.86,1287.32,1
42,39,1797.41,7189.62,8987.03,1
42,40,1771.24,7084.97,8856.21,1
42,41,1956.32,7825.27,9781.58,1
42,43,1475.12,5900.5,7375.62,1
42,44,556.264,2225.06,2781.32,1
42,45,3542.05,14168.2,17710.2,1
42,46,1977.5,7910.01,9887.52,1
42,47,1361.09,5444.36,6805.45,1
42,48,2193.34,8773.36,10966.7,1
42,49,596.833,2387.33,2984.17,1
42,50,1026.39,4105.57,5131.96,1
42,51,1507.14,6028.57,7535.71,1
42,52,798.5,3194,3992.5,1
42,53,1748.33,6993.3,8741.62,1
42,54,963.879,3855.51,4819.39,1
42,55,1261.25,5045,6306.25,1
42,56,694.25,2777,3471.25,1
42,57,4065.65,16262.6,20328.2,1
42,58,1554.71,6218.83,7773.54,1
42,59,984.75,3939,4923.75,1
43,0,1551.08,6204.33,7755.42,1
43,1,538.75,2155,2693.75,1
43,2,534.971,2139.89,2674.86,1
43,3,1474.75,5899,7373.75,1
43,4,573.167,2292.67,2865.83,1
43,5,2923.12,11692.5,14615.6,1
43,6,1057.72,4230.87,5288.58,1
43,7,1402.36,5609.46,7011.82,1
43,9,574.708,2298.83,2873.54,1
43,10,896.5,3586,4482.5,1
43,11,1838.55,7354.2,9192.75,1
43,12,318.75,1275,1593.75,1
43,13,844.25,3377,4221.25,1
43,14,2313.47,9253.87,11567.3,1
43,15,990.25,3961,4951.25,1
43,16,1340.29,5361.14,6701.43,1
43,17,3081.72,12326.9,15408.6,1
43,18,500.25,2001,2501.25,1
43,19,410,1640,2050,1
43,20,1611.21,6444.83,8056.04,1
43,21,122.036,488.143,610.179,1
43,22,1118.08,4472.33,5590.42,1
43,23,2719,10876,13595,1
43,24,835.25,3341,4176.25,1
43,26,310.8,1243.2,1554,1
43,27,1184,4736,5920,1
43,28,277.286,1109.14,1386.43,1
43,29,1911.25,7645,9556.25,1
43,30,370.375,1481.5,1851.88,1
43,31,1144.71,4578.86,5723.57,1
43,32,1164.09,4656.36,5820.45,1
43,33,1137.95,4551.8,5689.75,1
43,34,1239.28,4957.1,6196.38,1
43,35,824.339,3297.36,4121.7,1
43,36,842,3368,4210,1
43,37,1303.75,5215,6518.75,1
43,38,361.125,1444.5,1805.62,1
43,39,3696.76,14787,18483.8,1
43,40,2168.37,8673.47,10841.8,1
43,41,1699.25,6797,8496.25,1
43,42,1135.48,4541.9,5677.38,1
43,44,2777.79,11111.1,13888.9,1
43,45,1945.59,7782.36,9727.95,1
43,46,2233.5,8934,11167.5,1
43,47,528.917,2115.67,2644.58,1
43,48,752.071,3008.29,3760.36,1
43,49,1238.2,4952.8,6191,1
43,50,861.179,3444.71,4305.89,1
43,51,1762.08,7048.33,8810.42,1
43,52,1046.83,4187.33,5234.17,1
43,53,771.45,3085.8,3857.25,1
43,54,559.464,2237.86,2797.32,1
43,55,234.3,937.2,1171.5,1
43,56,310.625,1242.5,1553.12,1
43,57,1024.93,4099.71,5124.64,1
43,58,992.25,3969,4961.25,1
43,59,375.5,1502,1877.5,1
44,0,1143.95,4575.79,5719.73,1
44,1,1445.33,5781.3,7226.62,1
44,2,630.607,2522.43,3153.04,1
44,3,1761.36,7045.46,8806.82,1
44,4,1125.5,4502,5627.5,1
44,5,1353.5,5414,6767.5,1
44,6,441.8,1767.2,2209,1
44,7,1586.95,6347.8,7934.75,1
44,8,446.464,1785.86,2232.32,1
44,9,980.775,3923.1,4903.88,1
44,10,1008.24,4032.95,5041.19,1
44,11,716.05,2864.2,3580.25,1
44,12,1979.02,7916.07,9895.09,1
44,13,1385.5,5542,6927.5,1
44,14,1413.16,5652.64,7065.8,1
44,15,600.621,2402.49,3003.11,1
44,16,1379.97,5519.9,6899.88,1
44,17,511.75,2047,2558.75,1
44,18,697.286,2789.14,3486.43,1
44,19,792.089,3168.36,3960.45,1
44,20,996,3984,4980,1
44,21,2022.59,8090.36,10112.9,1
44,22,1491.5,5966,7457.5,1
44,23,583.411,2333.64,2917.05,1
44,24,713.75,2855,3568.75,1
44,25,1186.5,4746,5932.5,1
44,26,2132.38,8529.5,10661.9,1
44,27,1224.84,4899.34,6124.18,1
44,28,2185.1,8740.4,10925.5,1
44,29,2811.32,11245.3,14056.6,1
44,30,1175.53,4702.11,5877.64,1
44,31,550.1,2200.4,2750.5,1
44,32,674.5,2698,3372.5,1
44,33,736.7,2946.8,3683.5,1
44,34,1770,7080,8850,1
44,35,1327.23,5308.93,6636.16,1
44,36,757.375,3029.5,3786.88,1
44,37,1588.03,6352.1,7940.12,1
44,38,472.75,1891,2363.75,1
44,39,1993.29,7973.17,9966.46,1
44,40,1465.25,5861,7326.25,1
44,41,755.7,3022.8,3778.5,1
44,42,448.775,1795.1,2243.88,1
44,43,2344.8,9379.2,11724,1
44,45,983.864,3935.46,4919.32,1
44,46,1514.68,6058.71,7573.39,1
44,47,826.983,3307.93,4134.92,1
44,48,1631.93,6527.71,8159.64,1
44,49,1788.75,7155,8943.75,1
44,50,864.357,3457.43,4321.79,1
44,51,196.9,787.6,984.5,1
44,52,326,1304,1630,1
44,53,1111.56,4446.26,5557.82,1
44,54,680.583,2722.33,3402.92,1
44,55,640,2560,3200,1
44,56,671.625,2686.5,3358.12,1
44,57,3156.53,12626.1,15782.7,1
44,58,2451.34,9805.37,12256.7,1
44,59,937.81,3751.24,4689.05,1
45,0,655.75,2623,3278.75,1
45,1,2618,10472,13090,1
45,2,1886.18,7544.71,9430.89,1
45,3,514.321,2057.29,2571.61,1
45,4,259.607,1038.43,1298.04,1
45,5,2707.44,10829.8,13537.2,1
45,6,193.333,773.333,966.667,1
45,7,2636.91,10547.6,13184.6,1
45,8,1258.57,5034.27,6292.83,1
45,9,782.429,3129.71,3912.14,1
45,10,1258.99,5035.94,6294.93,1
45,11,2176.24,8704.95,10881.2,1
45,12,2819.89,11279.6,14099.5,1
45,13,851.214,3404.86,4256.07,1
45,14,1707.42,6829.67,8537.08,1
45,15,1071.5,4286,5357.5,1
45,16,3732.85,14931.4,18664.3,1
45,17,1186.28,4745.1,5931.38,1
45,18,1002.25,4009,5011.25,1
45,19,1561.46,6245.83,7807.29,1
45,20,806.839,3227.36,4034.2,1
45,21,2504.3,10017.2,12521.5,1
45,23,1823.68,7294.71,9118.39,1
45,24,1812.24,7248.95,9061.19,1
45,25,2335.66,9342.64,11678.3,1
45,26,1918.21,7672.86,9591.07,1
45,27,1337.35,5349.4,6686.75,1
45,28,873.067,3492.27,4365.33,1
45,29,1251.35,5005.4,6256.75,1
45,30,1626.05,6504.2,8130.25,1
45,31,993.5,3974,4967.5,1
45,32,173.75,695,868.75,1
45,33,2008.21,8032.83,10041,1
45,34,374.5,1498,1872.5,1
45,35,1803.85,7215.4,9019.25,1
45,36,1717.33,6869.32,8586.65,1
45,37,1210.12,4840.47,6050.58,1
45,38,1284.58,5138.33,6422.92,1
45,39,2461.55,9846.21,12307.8,1
45,40,2259.62,9038.5,11298.1,1
45,41,1886.74,7546.95,9433.69,1
45,42,1134.12,4536.48,5670.6,1
45,43,2071.55,8286.21,10357.8,1
45,44,2039.62,8158.5,10198.1,1
45,46,2256.7,9026.79,11283.5,1
45,47,461.036,1844.14,2305.18,1
45,48,307,1228,1535,1
45,49,833.625,3334.5,4168.12,1
45,50,325.25,1301,1626.25,1
45,51,1440.28,5761.1,7201.38,1
45,53,3437.69,13750.8,17188.5,1
45,54,1714.05,6856.21,8570.27,1
45,55,1372.17,5488.7,6860.88,1
45,56,1187.31,4749.26,5936.57,1
45,57,3664.47,14657.9,18322.4,1
45,58,1013.24,4052.97,5066.21,1
45,59,385.057,1540.23,1925.29,1
46,0,654.3,2617.2,3271.5,1
46,1,2831.54,11326.1,14157.7,1
46,2,3254.43,13017.7,16272.2,1
46,3,2462.57,9850.29,12312.9,1
46,4,1476.25,5905,7381.25,1
46,5,2734.62,10938.5,13673.1,1
46,6,455.304,1821.21,2276.52,1
46,7,3178.92,12715.7,15894.6,1
46,8,1525.16,6100.64,7625.8,1
46,9,1762.38,7049.5,8811.88,1
46,10,1847.34,7389.37,9236.71,1
46,11,273.625,1094.5,1368.12,1
46,12,2064.08,8256.33,10320.4,1
46,13,1935.59,7742.34,9677.93,1
46,14,837.268,3349.07,4186.34,1
46,15,2211.02,8844.1,11055.1,1
46,16,1926.95,7707.8,9634.75,1
46,17,1256.11,5024.43,6280.54,1
46,19,1096.25,4385,5481.25,1
46,20,2477.73,9910.93,12388.7,1
46,21,2253.89,9015.55,11269.4,1
46,22,1145.08,4580.3,5725.38,1
46,23,1679.9,6719.59,8399.49,1
46,24,1227.45,4909.81,6137.26,1
46,25,2919.75,11679,14598.7,1
46,26,1609.92,6439.67,8049.58,1
46,27,3805.1,15220.4,19025.5,1
46,28,1802.18,7208.71,9010.89,1
46,29,1525.5,6102,7627.5,1
46,30,1952.38,7809.51,9761.89,1
46,31,277,1108,1385,1
46,32,1835.62,7342.49,9178.11,1
46,33,862.571,3450.29,4312.86,1
46,34,540.708,2162.83,2703.54,1
46,35,588,2352,2940,1
46,37,470.357,1881.43,2351.79,1
46,38,656.517,2626.07,3282.58,1
46,39,2070.52,8282.07,10352.6,1
46,40,1495.05,5980.19,7475.24,1
46,41,1780.73,7122.91,8903.64,1
46,42,1474.75,5899,7373.75,1
46,43,2962.11,11848.4,14810.5,1
46,44,2341.84,9367.36,11709.2,1
46,45,920.8,3683.2,4604,1
46,47,1423.22,5692.9,7116.12,1
46,48,999.976,3999.9,4999.88,1
46,49,2076.04,8304.17,10380.2,1
46,50,2698.48,10793.9,13492.4,1
46,51,961.4,3845.6,4807,1
46,52,2497.55,9990.2,12487.8,1
46,53,2251,9004.01,11255,1
46,54,1335.45,5341.8,6677.25,1
46,55,635.75,2543,3178.75,1
46,56,404.614,1618.46,2023.07,1
46,57,2568.76,10275.1,12843.8,1
46,58,1611.32,6445.29,8056.61,1
46,59,289.607,1158.43,1448.04,1
47,0,1306.89,5227.57,6534.46,1
47,1,338.375,1353.5,1691.88,1
47,2,1813.38,7253.5,9066.88,1
47,4,848.75,3395,4243.75,1
47,5,443.75,1775,2218.75,1
47,6,862.35,3449.4,4311.75,1
47,9,434.25,1737,2171.25,1
47,10,1064.77,4259.07,5323.84,1
47,11,1856.12,7424.5,9280.62,1
47,12,700.25,2801,3501.25,1
47,13,262,1048,1310,1
47,14,926.357,3705.43,4631.79,1
47,15,149.25,597,746.25,1
47,16,769.421,3077.69,3847.11,1
47,17,539.5,2158,2697.5,1
47,18,239.4,957.6,1197,1
47,19,1011.15,4044.6,5055.75,1
47,20,905.679,3622.71,4528.39,1
47,21,1213.29,4853.17,6066.46,1
47,22,420,1680,2100,1
47,24,616.571,2466.29,3082.86,1
47,25,147.625,590.5,738.125,1
47,26,905.5,3622,4527.5,1
47,27,590.093,2360.37,2950.46,1
47,29,369.75,1479,1848.75,1
47,30,1610.98,6443.93,8054.91,1
47,31,242.25,969,1211.25,1
47,34,339.75,1359,1698.75,1
47,35,217.667,870.667,1088.33,1
47,36,868.857,3475.43,4344.29,1
47,37,1626.7,6506.8,8133.5,1
47,38,702.417,2809.67,3512.08,1
47,39,959.493,3837.97,4797.46,1
47,40,544.75,2179,2723.75,1
47,41,965.917,3863.67,4829.58,1
47,42,768.196,3072.79,3840.98,1
47,43,936.193,3744.77,4680.96,1
47,44,1016.36,4065.43,5081.79,1
47,45,1742.8,6971.2,8714,1
47,46,1350.46,5401.86,6752.32,1
47,48,1008.8,4035.2,5044,1
47,49,295.875,1183.5,1479.38,1
47,50,742.75,2971,3713.75,1
47,51,814.714,3258.86,4073.57,1
47,52,1132.38,4529.5,5661.88,1
47,53,1585.83,6343.33,7929.17,1
47,54,553.75,2215,2768.75,1
47,56,853,3412,4265,1
47,57,2011.62,8046.5,10058.1,1
47,58,648.25,2593,3241.25,1
47,59,471.525,1886.1,2357.62,1
48,0,2320.21,9280.86,11601.1,1
48,1,853.25,3413,4266.25,1
48,2,1142,4568,5710,1
48,3,1096.67,4386.67,5483.33,1
48,4,1108.25,4433,5541.25,1
48,5,2799.41,11197.6,13997,1
48,6,338.429,1353.71,1692.14,1
48,7,1796.46,7185.86,8982.32,1
48,8,1892.12,7568.5,9460.62,1
48,9,1477,5908,7385,1
48,10,634.983,2539.93,3174.92,1
48,11,1256.68,5026.71,6283.39,1
48,12,2155.6,8622.4,10778,1
48,13,558.25,2233,2791.25,1
48,14,2229.77,8919.07,11148.8,1
48,15,824.271,3297.09,4121.36,1
48,16,898.1,3592.4,4490.5,1
48,17,1125.85,4503.4,5629.25,1
48,19,663.25,2653,3316.25,1
48,20,437.024,1748.1,2185.12,1
48,21,3530.04,14120.1,17650.2,1
48,22,853.9,3415.6,4269.5,1
48,23,1609.53,6438.1,8047.62,1
48,24,964,3856,4820,1
48,25,1105.67,4422.7,5528.38,1
48,26,127.7,510.8,638.5,1
48,27,1189.29,4757.14,5946.43,1
48,28,984.05,3936.2,4920.25,1
48,29,984.95,3939.8,4924.75,1
48,30,1931.75,7727,9658.75,1
48,31,369.25,1477,1846.25,1
48,32,732.414,2929.66,3662.07,1
48,33,2154.5,8618,10772.5,1
48,34,966.786,3867.14,4833.93,1
48,35,863.125,3452.5,4315.62,1
48,36,718.55,2874.2,3592.75,1
48,37,768.357,3073.43,3841.79,1
48,38,1056.12,4224.5,5280.62,1
48,39,913.833,3655.33,4569.17,1
48,40,2059.15,8236.6,10295.8,1
48,41,2904.29,11617.1,14521.4,1
48,42,1863.14,7452.57,9315.71,1
48,43,1558.88,6235.5,7794.38,1
48,44,156.429,625.714,782.143,1
48,45,184.571,738.286,922.857,1
48,46,1817.73,7270.9,9088.63,1
48,47,463.464,1853.86,2317.32,1
48,49,788.375,3153.5,3941.88,1
48,50,170.833,683.333,854.167,1
48,51,876.6,3506.4,4383,1
48,52,542.25,2169,2711.25,1
48,53,2073.52,8294.09,10367.6,1
48,54,884.452,3537.81,4422.26,1
48,55,1030.79,4123.14,5153.93,1
48,56,319.886,1279.54,1599.43,1
48,57,1361.05,5444.2,6805.25,1
48,58,1331.92,5327.67,6659.58,1
48,59,1054.1,4216.4,5270.5,1
49,0,1484.35,5937.4,7421.75,1
49,1,612,2448,3060,1
49,2,248.9,995.6,1244.5,1
49,3,357,1428,1785,1
49,5,2390.3,9561.2,11951.5,1
49,6,237,948,1185,1
49,7,3399.28,13597.1,16996.4,1
49,8,643.826,2575.3,3219.13,1
49,9,530.571,2122.29,2652.86,1
49,10,1680.75,6723,8403.75,1
49,11,1720.89,6883.57,8604.46,1
49,12,282.429,1129.71,1412.14,1
49,13,138.643,554.571,693.214,1
49,14,1097.43,4389.73,5487.17,1
49,15,1359.4,5437.6,6797,1
49,16,2538.48,10153.9,12692.4,1
49,17,194.571,778.286,972.857,1
49,19,613.375,2453.5,3066.88,1
49,20,1281.68,5126.73,6408.42,1
49,21,1104.64,4418.57,5523.21,1
49,22,278.5,1114,1392.5,1
49,24,574,2296,2870,1
49,25,684.1,2736.4,3420.5,1
49,26,481.583,1926.33,2407.92,1
49,27,708.375,2833.5,3541.88,1
49,28,769.655,3078.62,3848.27,1
49,29,1183,4732,5915,1
49,30,751.75,3007,3758.75,1
49,31,1964.62,7858.5,9823.12,1
49,32,552.75,2211,2763.75,1
49,34,894.75,3579,4473.75,1
49,35,975.2,3900.8,4876,1
49,36,1421.06,5684.23,7105.29,1
49,37,2047.98,8191.93,10239.9,1
49,38,1119.55,4478.21,5597.77,1
49,39,2826.26,11305,14131.3,1
49,40,1614,6456,8070,1
49,41,778,3112,3890,1
49,42,1328.88,5315.5,6644.38,1
49,43,899,3596,4495,1
49,44,1544.92,6179.68,7724.6,1
49,45,1473.58,5894.31,7367.89,1
49,46,2129.74,8518.94,10648.7,1
49,47,1037.38,4149.5,5186.88,1
49,48,2145.57,8582.27,10727.8,1
49,50,428.667,1714.67,2143.33,1
49,51,340.875,1363.5,1704.38,1
49,52,1019.51,4078.03,5097.54,1
49,53,1413.03,5652.1,7065.12,1
49,54,614.167,2456.67,3070.83,1
49,55,433.564,1734.26,2167.82,1
49,56,854.571,3418.29,4272.86,1
49,57,2519,10076,12595,1
49,58,1463.23,5852.91,7316.14,1
49,59,1431.15,5724.6,7155.75,1
50,0,306.625,1226.5,1533.12,1
50,1,1127.79,4511.17,5638.96,1
50,2,683.25,2733,3416.25,1
50,3,348.75,1395,1743.75,1
50,6,874.5,3498,4372.5,1
50,7,1506.28,6025.11,7531.39,1
50,9,422,1688,2110,1
50,10,600.048,2400.19,3000.24,1
50,11,612.75,2451,3063.75,1
50,12,1006.25,4025,5031.25,1
50,13,221.4,885.6,1107,1
50,14,1031.58,4126.33,5157.92,1
50,15,249.167,996.667,1245.83,1
50,16,289.5,1158,1447.5,1
50,18,527.05,2108.2,2635.25,1
50,19,428,1712,2140,1
50,20,576.267,2305.07,2881.33,1
50,21,538,2152,2690,1
50,22,541,2164,2705,1
50,23,662.917,2651.67,3314.58,1
50,24,479.875,1919.5,2399.38,1
50,25,476.381,1905.52,2381.9,1
50,27,2644.5,10578,13222.5,1
50,28,789.625,3158.5,3948.12,1
50,29,259.5,1038,1297.5,1
50,31,1145.11,4580.43,5725.54,1
50,32,120.667,482.667,603.333,1
50,37,771.375,3085.5,3856.88,1
50,38,630,2520,3150,1
50,39,1048.21,4192.83,5241.04,1
50,40,1514,6056,7570,1
50,41,1023.5,4094,5117.5,1
50,42,1354.18,5416.73,6770.92,1
50,43,915.833,3663.33,4579.17,1
50,44,1159.35,4637.4,5796.75,1
50,45,1640,6560,8200,1
50,46,2201.29,8805.15,11006.4,1
50,48,395.75,1583,1978.75,1
50,51,190.143,760.571,950.714,1
50,52,210.417,841.667,1052.08,1
50,53,1324.04,5296.17,6620.21,1
50,54,1544.65,6178.6,7723.25,1
50,55,311.5,1246,1557.5,1
50,56,317.1,1268.4,1585.5,1
50,57,1095.5,4382,5477.5,1
50,58,1257.83,5031.33,6289.17,1
50,59,445.25,1781,2226.25,1
51,0,450.333,1801.33,2251.67,1
51,1,1043.33,4173.33,5216.67,1
51,2,813.579,3254.31,4067.89,1
51,4,234.167,936.667,1170.83,1
51,5,836.619,3346.48,4183.1,1
51,6,84.1667,336.667,420.833,1
51,7,576.125,2304.5,2880.62,1
51,8,267,1068,1335,1
51,9,1167.86,4671.43,5839.29,1
51,10,790,3160,3950,1
51,11,449.9,1799.6,2249.5,1
51,12,414.917,1659.67,2074.58,1
51,13,202.8,811.2,1014,1
51,14,1255.76,5023.05,6278.81,1
51,15,699.589,2798.36,3497.95,1
51,16,181.75,727,908.75,1
51,17,819.268,3277.07,4096.34,1
51,18,208.7,834.8,1043.5,1
51,19,348.45,1393.8,1742.25,1
51,20,271.35,1085.4,1356.75,1
51,21,990.25,3961,4951.25,1
51,22,365.25,1461,1826.25,1
51,23,322.75,1291,1613.75,1
51,24,1648.62,6594.48,8243.1,1
51,25,1826.8,7307.2,9134,1
51,26,563.446,2253.79,2817.23,1
51,27,732.429,2929.71,3662.14,1
51,29,720.529,2882.11,3602.64,1
51,30,1875.58,7502.33,9377.92,1
51,31,792.771,3171.09,3963.86,1
51,32,537.25,2149,2686.25,1
51,33,1280.53,5122.13,6402.66,1
51,36,1095.83,4383.33,5479.17,1
51,37,661.336,2645.34,3306.68,1
51,38,372.125,1488.5,1860.62,1
51,39,1828.6,7314.39,9142.99,1
51,40,830.536,3322.14,4152.68,1
51,41,305.155,1220.62,1525.77,1
51,42,895.05,3580.2,4475.25,1
51,43,361,1444,1805,1
51,44,1049.2,4196.79,5245.98,1
51,45,832.488,3329.95,4162.44,1
51,46,801.125,3204.5,4005.62,1
51,47,912.518,3650.07,4562.59,1
51,48,1627.88,6511.5,8139.38,1
51,49,1333.42,5333.67,6667.08,1
51,50,1405.65,5622.6,7028.25,1
51,52,851.5,3406,4257.5,1
51,53,1008.31,4033.24,5041.55,1
51,54,266.75,1067,1333.75,1
51,55,612.25,2449,3061.25,1
51,56,264.125,1056.5,1320.62,1
51,57,674.095,2696.38,3370.48,1
51,58,1018.75,4075,5093.75,1
51,59,303.6,1214.4,1518,1
52,0,343.625,1374.5,1718.12,1
52,1,1153.95,4615.8,5769.75,1
52,2,267.375,1069.5,1336.88,1
52,3,561.25,2245,2806.25,1
52,5,843.9,3375.6,4219.5,1
52,6,483.5,1934,2417.5,1
52,7,310.275,1241.1,1551.38,1
52,8,553.433,2213.73,2767.17,1
52,9,180.25,721,901.25,1
52,10,136.875,547.5,684.375,1
52,12,216.5,866,1082.5,1
52,14,723.793,2895.17,3618.96,1
52,15,786.429,3145.71,3932.14,1
52,16,2329,9316,11645,1
52,17,1324.75,5299,6623.75,1
52,18,128.9,515.6,644.5,1
52,19,360.15,1440.6,1800.75,1
52,20,455.625,1822.5,2278.12,1
52,21,727.55,2910.2,3637.75,1
52,22,932.9,3731.6,4664.5,1
52,23,2055.38,8221.5,10276.9,1
52,24,655.5,2622,3277.5,1
52,25,1351.52,5406.07,6757.58,1
52,27,1568.62,6274.5,7843.12,1
52,28,973.05,3892.2,4865.25,1
52,29,1523.62,6094.5,7618.12,1
52,30,1819.93,7279.73,9099.67,1
52,31,521.75,2087,2608.75,1
52,33,855.507,3422.03,4277.54,1
52,34,714,2856,3570,1
52,35,632.875,2531.5,3164.38,1
52,36,551.667,2206.67,2758.33,1
52,38,991.375,3965.5,4956.88,1
52,39,360.5,1442,1802.5,1
52,40,1651.38,6605.5,8256.88,1
52,41,3650.25,14601,18251.2,1
52,42,790.917,3163.67,3954.58,1
52,43,578.375,2313.5,2891.88,1
52,44,554.964,2219.86,2774.82,1
52,45,1294.29,5177.14,6471.43,1
52,46,291.1,1164.4,1455.5,1
52,47,452,1808,2260,1
52,48,1037,4148,5185,1
52,49,1890.02,7560.1,9450.12,1
52,50,540.25,2161,2701.25,1
52,51,1428.08,5712.33,7140.42,1
52,53,897.548,3590.19,4487.74,1
52,54,658.714,2634.86,3293.57,1
52,55,242.1,968.4,1210.5,1
52,57,726.625,2906.5,3633.12,1
52,58,347.857,1391.43,1739.29,1
52,59,202.4,809.6,1012,1
53,0,1903.68,7614.71,9518.39,1
53,1,677.75,2711,3388.75,1
53,2,3737.92,14951.7,18689.6,1
53,3,284.625,1138.5,1423.12,1
53,4,1170.14,4680.57,5850.71,1
53,5,2273.12,9092.5,11365.6,1
53,6,1282.64,5130.57,6413.21,1
53,7,1399.12,5596.48,6995.6,1
53,8,1345.96,5383.86,6729.82,1
53,9,2259.31,9037.26,11296.6,1
53,10,921.975,3687.9,4609.88,1
53,11,2453.59,9814.36,12267.9,1
53,12,2166.9,8667.6,10834.5,1
53,13,566.036,2264.14,2830.18,1
53,14,3341.92,13367.7,16709.6,1
53,15,1323.2,5292.8,6616,1
53,16,1247.46,4989.83,6237.29,1
53,17,1330.66,5322.63,6653.29,1
53,18,1638.95,6555.8,8194.75,1
53,19,490.357,1961.43,2451.79,1
53,20,1077.38,4309.53,5386.91,1
53,21,2167.61,8670.43,10838,1
53,22,655.625,2622.5,3278.12,1
53,23,1696.04,6784.18,8480.22,1
53,24,1335.5,5342,6677.5,1
53,25,1492.41,5969.66,7462.07,1
53,26,1729.05,6916.2,8645.25,1
53,27,1365.71,5462.86,6828.57,1
53,28,1180.5,4722,5902.5,1
53,29,1838.86,7355.43,9194.29,1
53,30,3292.19,13168.8,16460.9,1
53,31,277,1108,1385,1
53,32,1643.84,6575.37,8219.21,1
53,33,316.8,1267.2,1584,1
53,34,1288.02,5152.07,6440.09,1
53,35,1326.03,5304.1,6630.12,1
53,36,3756.38,15025.5,18781.9,1
53,37,1048.92,4195.67,5244.58,1
53,38,311.25,1245,1556.25,1
53,39,1589.21,6356.83,7946.04,1
53,40,2799.57,11198.3,13997.9,1
53,41,2596.87,10387.5,12984.3,1
53,42,772.554,3090.21,3862.77,1
53,43,2748.69,10994.8,13743.5,1
53,44,2773.59,11094.4,13868,1
53,45,3731.76,14927,18658.8,1
53,46,3395.16,13580.6,16975.8,1
53,47,489.857,1959.43,2449.29,1
53,48,1868.95,7475.8,9344.75,1
53,49,1897.08,7588.33,9485.42,1
53,50,267.25,1069,1336.25,1
53,51,856.417,3425.67,4282.08,1
53,52,1042,4168,5210,1
53,54,1835.52,7342.07,9177.58,1
53,55,1155.5,4622,5777.5,1
53,56,221.875,887.5,1109.38,1
53,57,1223.88,4895.5,6119.38,1
53,59,1432.1,5728.4,7160.5,1
54,0,1199.42,4797.67,5997.08,1
54,1,739.55,2958.2,3697.75,1
54,2,148.5,594,742.5,1
54,3,1954.86,7819.44,9774.3,1
54,4,1183.1,4732.4,5915.5,1
54,5,1561.15,6244.6,7805.75,1
54,6,629.179,2516.71,3145.89,1
54,7,2902.88,11611.5,14514.4,1
54,9,623.143,2492.57,3115.71,1
54,10,674.357,2697.43,3371.79,1
54,11,1495.36,5981.43,7476.79,1
54,12,578.679,2314.71,2893.39,1
54,13,1413.52,5654.07,7067.59,1
54,14,839.5,3358,4197.5,1
54,16,485.5,1942,2427.5,1
54,17,1288.2,5152.79,6440.98,1
54,18,493.25,1973,2466.25,1
54,19,858.75,3435,4293.75,1
54,20,535.75,2143,2678.75,1
54,21,317.833,1271.33,1589.17,1
54,22,683.943,2735.77,3419.71,1
54,23,214.821,859.286,1074.11,1
54,24,1002.88,4011.5,5014.38,1
54,25,1200.68,4802.73,6003.42,1
54,26,636.821,2547.29,3184.11,1
54,27,1390.25,5561,6951.25,1
54,28,301.393,1205.57,1506.96,1
54,29,1270.1,5080.4,6350.5,1
54,30,264.25,1057,1321.25,1
54,31,753.5,3014,3767.5,1
54,32,635,2540,3175,1
54,33,1207.88,4831.5,6039.38,1
54,35,545.75,2183,2728.75,1
54,36,635.333,2541.33,3176.67,1
54,37,489,1956,2445,1
54,38,172.7,690.8,863.5,1
54,39,729.357,2917.43,3646.79,1
54,41,1273.83,5095.33,6369.17,1
54,42,1930.08,7720.31,9650.39,1
54,43,1442.08,5768.3,7210.38,1
54,44,300.5,1202,1502.5,1
54,45,2012.7,8050.81,10063.5,1
54,46,2818.45,11273.8,14092.2,1
54,47,209.857,839.429,1049.29,1
54,48,746.75,2987,3733.75,1
54,49,526.05,2104.2,2630.25,1
54,50,187.417,749.667,937.083,1
54,51,575,2300,2875,1
54,53,1883.84,7535.34,9419.18,1
54,55,419,1676,2095,1
54,56,281.893,1127.57,1409.46,1
54,57,1834.39,7337.57,9171.96,1
54,58,205.1,820.4,1025.5,1
54,59,1015.12,4060.5,5075.62,1
55,0,667.167,2668.67,3335.83,1
55,1,359.75,1439,1798.75,1
55,2,1279.78,5119.1,6398.88,1
55,3,729.75,2919,3648.75,1
55,5,972.15,3888.6,4860.75,1
55,7,1135.02,4540.07,5675.08,1
55,8,221.3,885.2,1106.5,1
55,11,1061.62,4246.5,5308.12,1
55,12,292.125,1168.5,1460.62,1
55,13,1014.5,4058,5072.5,1
55,14,450.893,1803.57,2254.46,1
55,15,480.75,1923,2403.75,1
55,16,547.3,2189.2,2736.5,1
55,17,485.5,1942,2427.5,1
55,18,555.25,2221,2776.25,1
55,19,860,3440,4300,1
55,20,277,1108,1385,1
55,21,1443.12,5772.5,7215.62,1
55,24,138.5,554,692.5,1
55,25,743.25,2973,3716.25,1
55,27,1104.45,4417.8,5522.25,1
55,28,993.375,3973.5,4966.88,1
55,29,1004.75,4019,5023.75,1
55,30,582.25,2329,2911.25,1
55,31,330.167,1320.67,1650.83,1
55,32,375.5,1502,1877.5,1
55,33,783.333,3133.33,3916.67,1
55,35,520.75,2083,2603.75,1
55,36,813.107,3252.43,4065.54,1
55,37,130,520,650,1
55,38,312.5,1250,1562.5,1
55,39,409.35,1637.4,2046.75,1
55,40,967.7,3870.8,4838.5,1
55,41,1670.28,6681.1,8351.38,1
55,42,326.55,1306.2,1632.75,1
55,43,539.5,2158,2697.5,1
55,44,432.6,1730.4,2163,1
55,45,530.75,2123,2653.75,1
55,46,416.125,1664.5,2080.62,1
55,47,444.833,1779.33,2224.17,1
55,48,359.825,1439.3,1799.13,1
55,49,681.6,2726.4,3408,1
55,51,622.325,2489.3,3111.62,1
55,52,754.25,3017,3771.25,1
55,53,1792.93,7171.71,8964.64,1
55,54,133.6,534.4,668,1
55,56,331.95,1327.8,1659.75,1
55,57,264.125,1056.5,1320.62,1
55,58,112.3,449.2,561.5,1
55,59,766.471,3065.89,3832.36,1
56,0,675.625,2702.5,3378.12,1
56,1,612.964,2451.86,3064.82,1
56,3,473.833,1895.33,2369.17,1
56,4,638.75,2555,3193.75,1
56,5,268,1072,1340,1
56,6,675.25,2701,3376.25,1
56,7,1931.25,7725,9656.25,1
56,8,140.667,562.667,703.333,1
56,9,570.75,2283,2853.75,1
56,10,426.85,1707.4,2134.25,1
56,11,1916.92,7667.67,9584.58,1
56,12,229.714,918.857,1148.57,1
56,13,230.083,920.333,1150.42,1
56,14,331.95,1327.8,1659.75,1
56,15,174.333,697.333,871.667,1
56,16,714.5,2858,3572.5,1
56,17,209.2,836.8,1046,1
56,18,850.5,3402,4252.5,1
56,19,257.464,1029.86,1287.32,1
56,21,902.929,3611.71,4514.64,1
56,22,262,1048,1310,1
56,23,403.571,1614.29,2017.86,1
56,24,441.333,1765.33,2206.67,1
56,25,172.125,688.5,860.625,1
56,26,162.5,650,812.5,1
56,27,725.357,2901.43,3626.79,1
56,28,336.5,1346,1682.5,1
56,29,913.786,3655.14,4568.93,1
56,30,1266.88,5067.5,6334.38,1
56,32,1023.25,4093,5116.25,1
56,34,318,1272,1590,1
56,35,949,3796,4745,1
56,36,872.167,3488.67,4360.83,1
56,37,511.55,2046.2,2557.75,1
56,39,395.5,1582,1977.5,1
56,40,710,2840,3550,1
56,41,374.25,1497,1871.25,1
56,42,765.45,3061.8,3827.25,1
56,43,533.3,2133.2,2666.5,1
56,44,1369.03,5476.1,6845.12,1
56,45,344.667,1378.67,1723.33,1
56,46,1605.75,6423,8028.75,1
56,47,504.5,2018,2522.5,1
56,48,1485.75,5943,7428.75,1
56,49,1065.04,4260.14,5325.18,1
56,51,365.25,1461,1826.25,1
56,52,1090.75,4363,5453.75,1
56,53,1810.45,7241.81,9052.26,1
56,54,792.25,3169,3961.25,1
56,55,630,2520,3150,1
56,57,1473.52,5894.07,7367.59,1
56,58,451.464,1805.86,2257.32,1
57,0,1345.62,5382.5,6728.12,1
57,1,760.5,3042,3802.5,1
57,2,1487.02,5948.07,7435.09,1
57,3,372.5,1490,1862.5,1
57,4,598.2,2392.8,2991,1
57,5,3327.41,13309.6,16637,1
57,6,936.321,3745.29,4681.61,1
57,7,1800.84,7203.37,9004.21,1
57,8,1489.61,5958.43,7448.04,1
57,9,1160.3,4641.2,5801.5,1
57,10,1874.67,7498.67,9373.33,1
57,11,4080.04,16320.2,20400.2,1
57,12,1767.21,7068.86,8836.07,1
57,13,514.869,2059.48,2574.35,1
57,14,1033.65,4134.6,5168.25,1
57,15,825.857,3303.43,4129.29,1
57,16,2551.35,10205.4,12756.8,1
57,17,1218.88,4875.5,6094.38,1
57,18,1652.09,6608.37,8260.46,1
57,19,2009.33,8037.32,10046.7,1
57,20,2318.11,9272.43,11590.5,1
57,21,621.608,2486.43,3108.04,1
57,22,902.667,3610.67,4513.33,1
57,23,2589.47,10357.9,12947.4,1
57,24,1701.62,6806.5,8508.12,1
57,25,632.607,2530.43,3163.04,1
57,26,1290.25,5161,6451.25,1
57,27,2288.78,9155.11,11443.9,1
57,28,1619,6476,8095,1
57,29,2357.94,9431.75,11789.7,1
57,30,3606.67,14426.7,18033.3,1
57,31,1076.79,4307.16,5383.95,1
57,32,938.667,3754.67,4693.33,1
57,33,2110.66,8442.63,10553.3,1
57,34,1149.25,4597,5746.25,1
57,35,343.45,1373.8,1717.25,1
57,36,2351.18,9404.7,11755.9,1
57,37,1733.4,6933.6,8667,1
57,38,675.875,2703.5,3379.38,1
57,39,1692.95,6771.79,8464.73,1
57,40,1382.4,5529.6,6912,1
57,41,1359.58,5438.33,6797.92,1
57,42,1924.36,7697.43,9621.79,1
57,43,568.339,2273.36,2841.7,1
57,44,1595.2,6380.79,7975.98,1
57,45,3447.94,13791.8,17239.7,1
57,46,2520.9,10083.6,12604.5,1
57,47,470.833,1883.33,2354.17,1
57,48,2087.69,8350.76,10438.4,1
57,49,2609.29,10437.1,13046.4,1
57,50,144.857,579.429,724.286,1
57,52,1392.29,5569.14,6961.43,1
57,53,2757.8,11031.2,13789,1
57,54,446.55,1786.2,2232.75,1
57,56,428.375,1713.5,2141.88,1
57,58,940.125,3760.5,4700.62,1
57,59,1430.51,5722.05,7152.56,1
58,0,1819.61,7278.45,9098.06,1
58,1,288,1152,1440,1
58,2,1183.39,4733.55,5916.93,1
58,3,474.833,1899.33,2374.17,1
58,4,694.464,2777.86,3472.32,1
58,5,556.8,2227.2,2784,1
58,6,407.125,1628.5,2035.62,1
58,7,500.55,2002.2,2502.75,1
58,8,409.75,1639,2048.75,1
58,10,425.967,1703.87,2129.83,1
58,11,552.143,2208.57,2760.71,1
58,12,649.762,2599.05,3248.81,1
58,13,685.95,2743.8,3429.75,1
58,14,841.262,3365.05,4206.31,1
58,15,288,1152,1440,1
58,16,1530.37,6121.49,7651.86,1
58,17,140.5,562,702.5,1
58,18,895.375,3581.5,4476.88,1
58,20,234.75,939,1173.75,1
58,21,284.143,1136.57,1420.71,1
58,23,948.375,3793.5,4741.88,1
58,24,863.307,3453.23,4316.54,1
58,25,1528.15,6112.62,7640.77,1
58,26,294.45,1177.8,1472.25,1
58,27,1498.66,5994.63,7493.29,1
58,29,1939.84,7759.37,9699.21,1
58,30,733.55,2934.2,3667.75,1
58,31,862.714,3450.86,4313.57,1
58,33,132.6,530.4,663,1
58,34,448.976,1795.9,2244.88,1
58,35,801.783,3207.13,4008.92,1
58,36,493.15,1972.6,2465.75,1
58,37,701.5,2806,3507.5,1
58,38,301.125,1204.5,1505.62,1
58,39,813.65,3254.6,4068.25,1
58,40,1004.09,4016.34,5020.43,1
58,41,2540.88,10163.5,12704.4,1
58,42,660.429,2641.71,3302.14,1
58,43,580.867,2323.47,2904.33,1
58,44,552.679,2210.71,2763.39,1
58,45,2168.46,8673.86,10842.3,1
58,46,1293,5172,6465,1
58,47,860.25,3441,4301.25,1
58,49,371.583,1486.33,1857.92,1
58,51,402.571,1610.29,2012.86,1
58,52,438.5,1754,2192.5,1
58,53,2283.96,9135.83,11419.8,1
58,55,1244.92,4979.67,6224.58,1
58,56,1146.75,4587,5733.75,1
58,57,1290.36,5161.43,6451.79,1
58,59,826.625,3306.5,4133.12,1
59,0,1185.79,4743.14,5928.93,1
59,1,767.857,3071.43,3839.29,1
59,2,1157.64,4630.57,5788.21,1
59,3,172.333,689.333,861.667,1
59,4,245.75,983,1228.75,1
59,5,1930.75,7723,9653.75,1
59,7,667.44,2669.76,3337.2,1
59,8,1001.02,4004.1,5005.12,1
59,10,1238.25,4953,6191.25,1
59,11,319.5,1278,1597.5,1
59,12,338.714,1354.86,1693.57,1
59,13,363.75,1455,1818.75,1
59,14,1247.55,4990.19,6237.73,1
59,15,822.6,3290.4,4113,1
59,16,147.667,590.667,738.333,1
59,17,1724.93,6899.71,8624.64,1
59,18,263.9,1055.6,1319.5,1
59,19,771.75,3087,3858.75,1
59,20,688.333,2753.33,3441.67,1
59,21,267.15,1068.6,1335.75,1
59,22,327.857,1311.43,1639.29,1
59,23,1508.61,6034.43,7543.04,1
59,24,287.7,1150.8,1438.5,1
59,25,219.429,877.714,1097.14,1
59,26,1881.1,7524.4,9405.5,1
59,27,1666.81,6667.23,8334.04,1
59,28,878.882,3515.53,4394.41,1
59,29,855.725,3422.9,4278.62,1
59,30,447.9,1791.6,2239.5,1
59,31,226,904,1130,1
59,32,764,3056,3820,1
59,33,1432.5,5730,7162.5,1
59,34,612.167,2448.67,3060.83,1
59,35,514.25,2057,2571.25,1
59,37,529.292,2117.17,2646.46,1
59,38,123.9,495.6,619.5,1
59,39,1459.21,5836.86,7296.07,1
59,40,230.571,922.286,1152.86,1
59,41,1302.66,5210.63,6513.29,1
59,42,299.679,1198.71,1498.39,1
59,44,1115.62,4462.5,5578.12,1
59,45,1011.5,4046,5057.5,1
59,46,435.9,1743.6,2179.5,1
59,47,277.5,1110,1387.5,1
59,48,563.321,2253.29,2816.61,1
59,49,564.321,2257.29,2821.61,1
59,50,1051.25,4205,5256.25,1
59,52,706.25,2825,3531.25,1
59,53,1150.67,4602.7,5753.38,1
59,54,592.167,2368.67,2960.83,1
59,55,498.5,1994,2492.5,1
59,56,731.75,2927,3658.75,1
59,57,1558.35,6233.4,7791.75,1
59,58,736.214,2944.86,3681.07,1
